scan_file,image,bucket,bucket_label,rule_label,total_dependency_count,vuln_total,critical_cve_count,high_cve_count,cvss_ge_7_count,max_cvss,unique_cwe_count,top25_cwe_count,justification,confidence
data/scans/high-qual/alpine-3.18.json,alpine:3.18,high-qual,ALLOW,ALLOW,16.0,0.0,0.0,0.0,0.0,0.0,0.0,0.0,"All vulnerability counts are zero, including critical, high, and CVSS >= 7.0 findings. The image has no detected vulnerabilities across its 16 components, making it perfectly clean and deployment-ready.",high
data/scans/high-qual/alpine-3.19.json,alpine:3.19,high-qual,ALLOW,ALLOW,16.0,2.0,0.0,0.0,0.0,3.3,2.0,0.0,No critical or high CVEs are present. The 2 vulnerabilities are low-severity (max_cvss 3.3) and neither maps to a MITRE Top 25 weakness class. Risk profile is negligible across all 16 components.,high
data/scans/high-qual/alpine-latest.json,alpine:latest,high-qual,ALLOW,WARN,17.0,2.0,1.0,1.0,1.0,9.8,2.0,1.0,"One critical CVE with max_cvss 9.8 is a serious finding, but across only 17 components, the breadth indicators are extremely low (2 unique CWEs, 1 Top 25 match). This indicates an isolated exploitable dependency, not systemic compromise, making it an urgent but manageable remediation task.",high
data/scans/high-qual/alpine-edge.json,alpine:edge,high-qual,ALLOW,ALLOW,17.0,1.0,0.0,0.0,0.0,5.5,1.0,0.0,No critical or high CVEs present. The single vulnerability is low-to-medium severity (max_cvss 5.5) and does not map to a MITRE Top 25 weakness. Risk profile is negligible across all 17 components.,high
data/scans/high-qual/ubuntu-22.04.json,ubuntu:22.04,high-qual,ALLOW,WARN,102.0,16.0,0.0,4.0,5.0,8.6,15.0,5.0,"No critical CVEs, but 4 HIGH CVEs and max_cvss 8.6 indicate actionable risk. Across 102 components, 5 Top 25 CWE matches and 15 unique weakness types suggest isolated remediation targets rather than systemic compromise — a sprint-cycle fix, not an emergency.",high
data/scans/high-qual/ubuntu-24.04.json,ubuntu:24.04,high-qual,ALLOW,ALLOW,93.0,9.0,0.0,1.0,2.0,8.6,9.0,4.0,"No critical CVEs and only 1 high-severity CVE across 93 components. While max_cvss is 8.6, the breadth indicators are low with only 4 Top 25 CWE matches and a density ratio of 0.043. Risk is contained to isolated findings, not systemic weakness.",high
data/scans/high-qual/ubuntu-noble.json,ubuntu:noble,high-qual,ALLOW,WARN,93.0,9.0,0.0,1.0,2.0,8.6,9.0,4.0,"No critical CVEs, but one HIGH CVE and max_cvss 8.6 indicate actionable risk. Across 93 components, only 4 Top 25 CWE matches and a density ratio of 0.043 suggest isolated remediation targets rather than systemic compromise; this is a sprint-cycle fix, not an emergency.",high
data/scans/high-qual/ubuntu-jammy.json,ubuntu:jammy,high-qual,ALLOW,WARN,102.0,16.0,0.0,4.0,5.0,8.6,15.0,5.0,"No critical CVEs, but 4 HIGH CVEs and max_cvss 8.6 indicate actionable risk. Across 102 components, 5 Top 25 CWE matches and 15 unique weakness types suggest isolated remediation targets rather than systemic compromise — a sprint-cycle fix, not an emergency.",high
data/scans/high-qual/debian-bookworm-slim.json,debian:bookworm-slim,high-qual,ALLOW,WARN,89.0,46.0,3.0,14.0,10.0,10.0,29.0,8.0,"3 critical CVEs and a max_cvss of 10.0 indicate serious, actionable risk. However, the density of Top 25 CWEs is low (8 across 89 components, ratio ~0.09), suggesting these are concentrated issues rather than systemic compromise. This requires urgent remediation within normal engineering cycles, not an emergency BLOCK.",high
data/scans/high-qual/node-lts-alpine.json,node:lts-alpine,high-qual,ALLOW,WARN,182.0,8.0,1.0,6.0,6.0,9.8,6.0,4.0,"One critical CVE and six high CVEs with max_cvss 9.8 indicate actionable risk. However, across 182 components, the breadth indicators are low (6 unique CWE types, 4 Top 25 matches), and the density ratio is very low (~0.022). This suggests an isolated, urgent remediation target, not systemic compromise.",high
data/scans/high-qual/ruby-3.3-alpine.json,ruby:3.3-alpine,high-qual,ALLOW,WARN,108.0,3.0,1.0,1.0,1.0,9.8,2.0,1.0,"One critical CVE with max_cvss 9.8 is a serious, prioritized finding. However, the breadth indicators are extremely low — only 2 unique CWE types and 1 Top 25 match across 108 components. This indicates an isolated exploitable dependency, not systemic compromise, making it an urgent but not emergency-level remediation.",high
data/scans/high-qual/php-8.2-fpm-alpine.json,php:8.2-fpm-alpine,high-qual,ALLOW,WARN,43.0,2.0,1.0,1.0,1.0,9.8,2.0,1.0,"One critical CVE with max_cvss 9.8 is a serious, prioritized finding. However, across 43 components, the breadth indicators are very low — only 2 unique CWE types and 1 Top 25 match. This indicates an isolated exploitable dependency, not a systemic compromise, making it an urgent but not emergency-level remediation.",high
data/scans/high-qual/php-8.3-fpm-alpine.json,php:8.3-fpm-alpine,high-qual,ALLOW,WARN,43.0,2.0,1.0,1.0,1.0,9.8,2.0,1.0,"One critical CVE with max_cvss 9.8 is a serious, prioritized finding, but the breadth indicators are very low — only 2 unique CWE types and 1 Top 25 match across 43 components. This indicates an isolated exploitable dependency, not a systemic compromise; remediation is urgent but not emergency-level.",high
data/scans/high-qual/postgres-15-alpine.json,postgres:15-alpine,high-qual,ALLOW,WARN,51.0,21.0,2.0,18.0,12.0,10.0,6.0,6.0,"Two critical CVEs with max_cvss 10.0 and 18 high CVEs indicate significant risk. However, across 51 components, the low top25_cwe_count (6) and unique_cwe_count (6) suggest these are concentrated findings, not systemic compromise. This is an urgent, actionable remediation task for the current sprint, not an emergency BLOCK.",high
data/scans/high-qual/postgres-16-alpine.json,postgres:16-alpine,high-qual,ALLOW,WARN,51.0,21.0,2.0,18.0,12.0,10.0,6.0,6.0,"Two critical CVEs with max_cvss 10.0 and 18 high CVEs indicate significant actionable risk. However, the density of Top 25 CWEs is low (6 across 51 components, ratio ~0.12), suggesting concentrated vulnerabilities rather than systemic compromise. This requires urgent remediation within a normal sprint cycle, not an emergency BLOCK.",high
data/scans/high-qual/mongo-6.0-jammy.json,mongo:6.0-jammy,high-qual,ALLOW,WARN,397.0,72.0,4.0,42.0,26.0,10.0,35.0,17.0,"4 critical CVEs and 42 high CVEs, with max_cvss 10.0, indicate actionable risk. However, across 397 components, the top25_cwe_count (17) results in a density ratio of only 0.04, well below the systemic threshold. This suggests concentrated, isolated vulnerabilities requiring urgent remediation within a normal sprint cycle, not an emergency BLOCK.",high
data/scans/high-qual/mongo-7.0-jammy.json,mongo:7.0-jammy,high-qual,ALLOW,WARN,397.0,51.0,1.0,23.0,17.0,10.0,26.0,11.0,"One critical CVE (max_cvss 10.0) and 23 high CVEs indicate actionable risk. However, across 397 dependencies, the top25_cwe_count (11) results in a very low density ratio (~0.027), suggesting isolated findings rather than systemic compromise. This is an urgent but contained remediation task, not an emergency.",high
data/scans/high-qual/memcached-1.6-alpine.json,memcached:1.6-alpine,high-qual,ALLOW,WARN,21.0,2.0,1.0,1.0,1.0,9.8,2.0,1.0,"One critical CVE with max_cvss 9.8 is a serious finding. However, across 21 components, the breadth indicators are very low (2 unique CWEs, 1 Top 25 match), indicating an isolated exploitable dependency rather than systemic compromise. This requires urgent but not emergency remediation.",high
data/scans/high-qual/rabbitmq-3.13-management-alpine.json,rabbitmq:3.13-management-alpine,high-qual,ALLOW,WARN,43.0,16.0,1.0,13.0,4.0,9.8,9.0,7.0,"One critical CVE with max_cvss 9.8 and 13 high CVEs indicate significant actionable risk. However, across 43 components, the top25_cwe_count (7) results in a density ratio of ~0.16, and unique_cwe_count is 9. This suggests concentrated risk in a few packages rather than systemic compromise, making it an urgent but manageable remediation task.",high
data/scans/high-qual/busybox-1.36.json,busybox:1.36,high-qual,ALLOW,ALLOW,0.0,0.0,0.0,0.0,0.0,0.0,0.0,0.0,"All vulnerability counts (critical, high, total) are zero, with no detected CWEs or high CVSS scores. The image presents no security risk based on the scan, indicating a completely clean profile.",high
data/scans/high-qual/busybox-1.36-musl.json,busybox:1.36-musl,high-qual,ALLOW,ALLOW,0.0,0.0,0.0,0.0,0.0,0.0,0.0,0.0,"All vulnerability counts (critical, high, total) are zero, and no CWEs or CVSS scores were found. The image reports zero dependencies, indicating a completely clean or extremely minimal profile with no detected security concerns.",high
data/scans/high-qual/tomcat-10.1-jdk17-temurin-jammy.json,tomcat:10.1-jdk17-temurin-jammy,high-qual,ALLOW,WARN,190.0,38.0,0.0,7.0,7.0,8.6,25.0,9.0,"No critical CVEs, but 7 high-severity CVEs with max_cvss 8.6 indicate actionable risk. Across 190 components, the top25_cwe_count of 9 results in a density ratio of 0.047, well below the systemic threshold. This suggests isolated remediation targets, fitting a sprint-cycle fix rather than an emergency.",high
data/scans/high-qual/eclipse-temurin-21-jre-alpine.json,eclipse-temurin:21-jre-alpine,high-qual,ALLOW,WARN,74.0,5.0,1.0,3.0,3.0,9.8,5.0,2.0,"One critical CVE with max_cvss 9.8 and 3 high CVEs indicate actionable risk. However, across 74 components, the breadth indicators are low (5 unique CWEs, 2 Top 25 matches), and the density ratio is very low (0.027). This suggests an isolated, urgent remediation target, not systemic compromise, fitting a WARN label for sprint-cycle remediation.",high
data/scans/high-qual/amazoncorretto-21-alpine.json,amazoncorretto:21-alpine,high-qual,ALLOW,WARN,30.0,2.0,1.0,1.0,1.0,9.8,2.0,1.0,"One critical CVE with max_cvss 9.8 is a serious, prioritized finding. However, breadth indicators are very low — only 2 unique CWE types and 1 Top 25 match across 30 components. This indicates an isolated exploitable dependency, not systemic compromise; remediation is urgent but not emergency-level.",high
data/scans/high-qual/python-3.13-slim.json,python:3.13-slim,high-qual,ALLOW,WARN,89.0,42.0,3.0,10.0,7.0,10.0,29.0,10.0,"3 critical CVEs and a max_cvss of 10.0 indicate serious, actionable risk. However, the density of Top 25 CWEs is low (10 matches across 89 components, a ratio of 0.11), suggesting these are concentrated findings rather than systemic compromise. This requires urgent remediation within normal engineering cycles.",high
data/scans/high-qual/python-3.13-alpine.json,python:3.13-alpine,high-qual,ALLOW,WARN,31.0,10.0,0.0,7.0,2.0,7.8,11.0,5.0,"No critical CVEs, but 7 HIGH CVEs and 5 Top 25 CWE matches across 31 components indicate actionable risk. The density ratio of Top 25 CWEs (5/31 = ~0.16) is well below the systemic threshold, suggesting concentrated issues rather than broad compromise. This requires a sprint-cycle fix, not an emergency.",high
data/scans/high-qual/python-3.13.0-slim-bookworm.json,python:3.13.0-slim-bookworm,high-qual,ALLOW,BLOCK,99.0,107.0,8.0,48.0,26.0,10.0,60.0,34.0,"8 critical CVEs and 48 high CVEs, with max_cvss 10.0, indicate severe risk. The top25_cwe_count of 34 across 99 dependencies results in a density ratio of 0.34, exceeding the 0.3 threshold for concentrated risk. This, combined with 60 unique CWEs, suggests a broad and systemic compromise requiring emergency remediation.",high
data/scans/high-qual/python-3.13-bookworm.json,python:3.13-bookworm,high-qual,ALLOW,BLOCK,431.0,1234.0,16.0,584.0,260.0,10.0,106.0,405.0,"16 critical CVEs and 584 high CVEs are present. The top25_cwe_count (405) is nearly equal to the total_dependency_count (431), resulting in a density ratio of ~0.94. This indicates nearly every component carries a known weaponized weakness, signifying systemic compromise with multiple independent, exploitable entry points.",high
data/scans/high-qual/node-22-alpine.json,node:22-alpine,high-qual,ALLOW,WARN,217.0,14.0,0.0,9.0,4.0,8.6,12.0,6.0,"No critical CVEs, but 9 HIGH CVEs and max_cvss 8.6 indicate actionable risk. Across 217 components, the top25_cwe_count (6) results in a density ratio of only 0.027, well below the systemic threshold. This suggests isolated remediation targets, not widespread compromise; a sprint-cycle fix, not an emergency.",high
data/scans/high-qual/node-22-bookworm-slim.json,node:22-bookworm-slim,high-qual,ALLOW,WARN,287.0,61.0,5.0,19.0,13.0,10.0,41.0,13.0,"5 critical CVEs and 19 high CVEs, with max_cvss 10.0, indicate actionable risk. However, across 287 components, the top25_cwe_count (13) results in a density ratio of only 0.045, well below the systemic threshold. This suggests isolated, urgent remediation targets rather than broad, systemic compromise.",high
data/scans/high-qual/node-22-slim.json,node:22-slim,high-qual,ALLOW,WARN,287.0,61.0,5.0,19.0,13.0,10.0,41.0,13.0,"5 critical CVEs and 19 high CVEs indicate actionable risk. However, across 287 components, the top25_cwe_count of 13 results in a density ratio of approximately 0.045, well below the systemic threshold. This suggests concentrated, isolated remediation targets rather than broad compromise, fitting a sprint-cycle fix.",high
data/scans/high-qual/node-current-alpine.json,node:current-alpine,high-qual,ALLOW,WARN,165.0,14.0,0.0,9.0,4.0,8.6,12.0,6.0,"No critical CVEs, but 9 HIGH CVEs and a max_cvss of 8.6 indicate actionable risk. Across 165 components, the top25_cwe_count (6) results in a low density ratio (0.036), suggesting concentrated issues rather than systemic compromise. This is an urgent but structured engineering task, not an emergency.",high
data/scans/high-qual/node-iron-alpine.json,node:iron-alpine,high-qual,ALLOW,WARN,223.0,25.0,0.0,20.0,14.0,8.8,17.0,13.0,"No critical CVEs, but 20 HIGH CVEs and max_cvss 8.8 indicate actionable risk. Across 223 components, 13 Top 25 CWE matches (density ~0.06) and 17 unique weakness types suggest isolated remediation targets rather than systemic compromise; this is an urgent but structured engineering task, not an emergency.",high
data/scans/high-qual/golang-1.23-alpine.json,golang:1.23-alpine,high-qual,ALLOW,WARN,58.0,51.0,2.0,37.0,17.0,10.0,18.0,19.0,"2 critical CVEs with max_cvss 10.0 and 37 high-severity findings indicate significant risk. Across 58 components, the top25_cwe_count of 19 (density ~0.33) suggests a substantial accumulation of known weaknesses. This is an urgent remediation task, but not systemic compromise requiring an immediate BLOCK.",high
data/scans/high-qual/golang-1.23-bookworm.json,golang:1.23-bookworm,high-qual,ALLOW,BLOCK,246.0,1927.0,25.0,1230.0,426.0,10.0,106.0,505.0,"The density ratio of top25_cwe_count (505) to total_dependency_count (246) is over 2.0, indicating systemic compromise. With 25 critical CVEs, 1230 high CVEs, and 106 unique CWE types, the image presents multiple independent, broadly exploitable entry points across its attack surface.",high
data/scans/high-qual/golang-1.23-bullseye.json,golang:1.23-bullseye,high-qual,ALLOW,BLOCK,243.0,2552.0,27.0,1566.0,599.0,10.0,124.0,760.0,"27 critical CVEs with max_cvss 10.0 and 760 Top 25 CWE matches across 243 components. The density ratio of 3.12 (760/243) indicates multiple weaponized weaknesses per component, alongside 124 unique CWE types. This is systemic, widespread compromise with multiple independent exploitable entry points.",high
data/scans/high-qual/rust-slim.json,rust:slim,high-qual,ALLOW,BLOCK,119.0,522.0,6.0,193.0,87.0,10.0,60.0,114.0,"6 critical CVEs and 193 high CVEs are present. The top25_cwe_count (114) is nearly equal to the total_dependency_count (119), resulting in a density ratio of ~0.96. This indicates systemic compromise with nearly every component carrying a known weaponized weakness, requiring immediate blocking.",high
data/scans/high-qual/ruby-3.3-slim.json,ruby:3.3-slim,high-qual,ALLOW,WARN,169.0,49.0,3.0,16.0,8.0,10.0,34.0,15.0,"3 critical CVEs and 16 high CVEs, with a max_cvss of 10.0, indicate actionable risk. However, across 169 components, the top25_cwe_count (15) results in a density ratio of ~0.088, well below the systemic threshold. This suggests isolated, prioritized remediation targets rather than widespread compromise, fitting a sprint-cycle fix.",high
data/scans/high-qual/ruby-3.3-bookworm.json,ruby:3.3-bookworm,high-qual,ALLOW,BLOCK,500.0,1217.0,16.0,580.0,255.0,10.0,105.0,395.0,"16 critical CVEs and 580 high CVEs, combined with a max_cvss of 10.0, indicate severe risk. The density ratio of top25_cwe_count (395) to total_dependency_count (500) is 0.79, meaning nearly 80% of components carry a known weaponized weakness. This, along with 105 unique CWE types, signifies systemic, broad compromise across the image, requiring immediate intervention.",high
data/scans/high-qual/php-8.2-cli-alpine.json,php:8.2-cli-alpine,high-qual,ALLOW,WARN,43.0,11.0,0.0,8.0,3.0,8.6,9.0,6.0,"No critical CVEs, but 8 HIGH CVEs and a max_cvss of 8.6 indicate actionable risk. Across 43 components, 6 Top 25 CWE matches (density ratio ~0.14) suggest concentrated, isolated remediation targets rather than systemic compromise; this is an urgent but structured engineering task.",high
data/scans/high-qual/php-8.3-cli-alpine.json,php:8.3-cli-alpine,high-qual,ALLOW,WARN,43.0,11.0,0.0,8.0,3.0,8.6,9.0,6.0,"No critical CVEs, but 8 HIGH CVEs and a max_cvss of 8.6 indicate actionable risk. Across 43 components, the top25_cwe_count (6) results in a density ratio of 0.14, well below the systemic threshold, suggesting concentrated risk that requires a sprint-cycle fix.",high
data/scans/high-qual/php-8.3-fpm-bookworm.json,php:8.3-fpm-bookworm,high-qual,ALLOW,BLOCK,174.0,1018.0,10.0,490.0,191.0,10.0,78.0,292.0,"10 critical CVEs and 490 high CVEs are present. The density of Top 25 CWEs is extremely high, with 292 matches across 174 components (a ratio of ~1.68). This indicates systemic compromise with multiple independent, weaponized weaknesses spread broadly across the image, requiring immediate emergency remediation.",high
data/scans/high-qual/php-8.2-fpm-bookworm.json,php:8.2-fpm-bookworm,high-qual,ALLOW,BLOCK,174.0,1018.0,10.0,490.0,191.0,10.0,78.0,292.0,"The density ratio of top25_cwe_count (292) to total_dependency_count (174) is 1.68, indicating more than one weaponized weakness per component. With 10 critical CVEs, 490 high CVEs, and 78 unique CWE types, this image shows systemic, broad, and immediately exploitable compromise across its attack surface.",high
data/scans/high-qual/eclipse-temurin-21-jdk-alpine.json,eclipse-temurin:21-jdk-alpine,high-qual,ALLOW,WARN,78.0,20.0,0.0,12.0,7.0,8.6,13.0,13.0,"No critical CVEs, but 12 HIGH CVEs and max_cvss 8.6 indicate actionable risk. Across 78 components, 13 Top 25 CWE matches (density 0.17) suggest isolated remediation targets rather than systemic compromise; this is a sprint-cycle fix, not an emergency.",high
data/scans/high-qual/eclipse-temurin-17-jre-alpine.json,eclipse-temurin:17-jre-alpine,high-qual,ALLOW,WARN,74.0,20.0,0.0,12.0,7.0,8.6,13.0,13.0,"No critical CVEs, but 12 HIGH CVEs and 7 with CVSS >= 7.0 (max_cvss 8.6) indicate actionable risk. The top25_cwe_count (13) across 74 dependencies results in a density of ~0.175, well below the systemic threshold, suggesting concentrated risk rather than broad compromise. This is an urgent but structured engineering task, not an emergency.",high
data/scans/high-qual/eclipse-temurin-17-jdk-alpine.json,eclipse-temurin:17-jdk-alpine,high-qual,ALLOW,WARN,78.0,20.0,0.0,12.0,7.0,8.6,13.0,13.0,"No critical CVEs are present. However, 12 high-severity CVEs and 7 vulnerabilities with CVSS >= 7.0 (max_cvss 8.6) indicate actionable risk. Across 78 components, the top25_cwe_count (13) results in a density ratio of 0.167, suggesting concentrated issues rather than systemic compromise. This warrants a scheduled remediation.",high
data/scans/high-qual/eclipse-temurin-21-jre-jammy.json,eclipse-temurin:21-jre-jammy,high-qual,ALLOW,WARN,144.0,19.0,0.0,10.0,5.0,7.8,16.0,6.0,"No critical CVEs, but 10 HIGH CVEs (5 with CVSS >= 7.0 and max_cvss 7.8) indicate actionable risk. Across 144 components, the top25_cwe_count (6) results in a density ratio of ~0.04, well below the systemic threshold. This suggests concentrated, not systemic, risk requiring scheduled remediation.",high
data/scans/high-qual/amazoncorretto-17-alpine.json,amazoncorretto:17-alpine,high-qual,ALLOW,WARN,30.0,11.0,0.0,8.0,3.0,8.6,9.0,6.0,"No critical CVEs, but 8 HIGH CVEs and max_cvss 8.6 indicate actionable risk. Across 30 components, 6 Top 25 CWE matches (density 0.2) and 9 unique weakness types suggest isolated remediation targets rather than systemic compromise; this is a sprint-cycle fix, not an emergency.",high
data/scans/high-qual/amazoncorretto-21-al2023.json,amazoncorretto:21-al2023,high-qual,ALLOW,WARN,145.0,16.0,0.0,16.0,6.0,7.6,11.0,7.0,"No critical CVEs, but 16 high-severity CVEs (6 with CVSS >= 7.0 and max_cvss 7.6) indicate actionable risk. Across 145 components, the density of Top 25 CWE matches (7) is very low (0.048), suggesting isolated remediation targets rather than systemic compromise. This is an urgent but structured engineering task, not an emergency.",high
data/scans/high-qual/tomcat-11.0-jdk21-temurin.json,tomcat:11.0-jdk21-temurin,high-qual,ALLOW,WARN,186.0,21.0,0.0,7.0,2.0,7.5,16.0,7.0,"No critical CVEs are present. While there are 7 high-severity CVEs, the low density of Top 25 CWEs (7 across 186 components, ratio ~0.04) and only 2 vulnerabilities with CVSS >= 7.0 indicate isolated, actionable risks rather than systemic compromise. This requires scheduled remediation, not an emergency.",high
data/scans/high-qual/debian-trixie-slim.json,debian:trixie-slim,high-qual,ALLOW,WARN,79.0,49.0,3.0,16.0,8.0,10.0,34.0,15.0,"3 critical CVEs and 16 high CVEs, including a max_cvss of 10.0, indicate significant actionable risk. However, the density ratio of top25_cwe_count (15) to total_dependency_count (79) is approximately 0.19, which is well below the systemic compromise threshold. This suggests concentrated, not widespread, vulnerabilities, making it an urgent but manageable remediation task.",high
data/scans/high-qual/debian-bookworm.json,debian:bookworm,high-qual,ALLOW,WARN,89.0,58.0,5.0,18.0,12.0,10.0,39.0,13.0,"5 critical CVEs and max_cvss 10.0 indicate serious, actionable risk. However, across 89 components, the top25_cwe_count of 13 results in a density ratio of 0.15, well below the systemic threshold. This suggests concentrated, isolated vulnerabilities requiring urgent remediation within a normal sprint cycle, not an emergency BLOCK.",high
data/scans/high-qual/ubuntu-24.10.json,ubuntu:24.10,high-qual,ALLOW,ALLOW,93.0,0.0,0.0,0.0,0.0,0.0,0.0,0.0,"No critical or high CVEs, and all vulnerability counts (vuln_total, cvss_ge_7_count, unique_cwe_count, top25_cwe_count) are zero across 93 components. This image has no detected security risks and is deployment-ready.",high
data/scans/high-qual/alpine-3.20.json,alpine:3.20,high-qual,ALLOW,WARN,15.0,8.0,0.0,7.0,2.0,7.8,7.0,5.0,"No critical CVEs, but 7 HIGH CVEs and 5 Top 25 CWE matches across only 15 components indicate a significant proportion of the minimal attack surface is compromised. The density ratio of 0.33 (5/15) suggests actionable risk requiring scheduled remediation, not an emergency.",high
data/scans/high-qual/fedora-40.json,fedora:40,high-qual,ALLOW,ALLOW,0.0,0.0,0.0,0.0,0.0,0.0,0.0,0.0,"All vulnerability counts are zero, including critical, high, and CVSS >= 7.0. There are no unique CWEs or Top 25 CWEs. This image is completely clean and meets all security standards.",high
data/scans/high-qual/fedora-41.json,fedora:41,high-qual,ALLOW,ALLOW,0.0,0.0,0.0,0.0,0.0,0.0,0.0,0.0,"No vulnerabilities, critical CVEs, high CVEs, or any CWEs were detected. The image has a pristine security profile, indicating it is safe for deployment without any intervention.",high
data/scans/high-qual/rockylinux-9.json,rockylinux:9,high-qual,ALLOW,BLOCK,142.0,112.0,12.0,83.0,57.0,9.8,64.0,51.0,"12 critical CVEs and 83 high CVEs, combined with 51 Top 25 CWE matches across 142 components, indicate systemic compromise. The density ratio of 0.359 (51/142) and 64 unique CWE types show that multiple independent, weaponized weaknesses are spread broadly across the image, requiring emergency remediation.",high
data/scans/high-qual/rockylinux-9-minimal.json,rockylinux:9-minimal,high-qual,ALLOW,WARN,119.0,82.0,9.0,59.0,37.0,9.8,51.0,35.0,"9 critical CVEs and 59 high CVEs, with max_cvss 9.8, represent a significant remediation backlog. However, the density of Top 25 CWEs (35 across 119 components, a ratio of ~0.29) is below the systemic threshold, indicating concentrated risk in a subset of packages rather than pervasive compromise. This is an urgent, but structured, engineering task.",high
data/scans/high-qual/busybox-1.37.json,busybox:1.37,high-qual,ALLOW,ALLOW,0.0,0.0,0.0,0.0,0.0,0.0,0.0,0.0,"No vulnerabilities of any severity, including critical or high, were detected. All breadth and density indicators are zero, indicating a completely clean and secure image.",high
data/scans/high-qual/httpd-2.4-alpine.json,httpd:2.4-alpine,high-qual,ALLOW,WARN,43.0,17.0,0.0,9.0,4.0,8.6,14.0,9.0,"No critical CVEs, but 9 HIGH CVEs and 9 Top 25 CWE matches indicate actionable risk. Across 43 components, the top25_cwe_count density (9/43 = ~0.21) is below the systemic threshold, suggesting concentrated risk rather than broad compromise. This requires scheduled remediation, not an emergency.",high
data/scans/high-qual/httpd-2.4.59-alpine.json,httpd:2.4.59-alpine,high-qual,ALLOW,BLOCK,40.0,62.0,5.0,41.0,21.0,9.8,31.0,29.0,"5 critical CVEs and 41 high CVEs are present. The top25_cwe_count (29) represents a density of 0.725 matches per component across 40 dependencies, indicating widespread, weaponized weaknesses. With 31 unique CWE types, this image shows systemic compromise with multiple independent exploitable entry points.",high
data/scans/high-qual/httpd-2.4.62-alpine.json,httpd:2.4.62-alpine,high-qual,ALLOW,BLOCK,41.0,55.0,4.0,37.0,21.0,9.8,28.0,30.0,"4 critical CVEs and 37 high CVEs, with max_cvss 9.8, indicate severe risk. The density of 30 Top 25 CWE matches across only 41 components (ratio ~0.73) and 28 unique CWE types points to systemic compromise, not isolated findings. This image has multiple independent, exploitable entry points.",high
data/scans/high-qual/httpd-2.4.62-bookworm.json,httpd:2.4.62-bookworm,high-qual,ALLOW,BLOCK,117.0,167.0,10.0,76.0,51.0,10.0,72.0,55.0,"10 critical CVEs and 76 high CVEs, combined with 55 Top 25 CWE matches across 117 components (a density of 0.47), indicate widespread, systemic compromise. The high unique CWE count (72) further suggests multiple independent exploitable entry points, requiring immediate remediation.",high
data/scans/high-qual/postgres-17-alpine.json,postgres:17-alpine,high-qual,ALLOW,WARN,51.0,37.0,1.0,25.0,15.0,10.0,15.0,12.0,"One critical CVE with max_cvss 10.0 and 25 high CVEs indicate significant risk. However, across 51 components, the top25_cwe_count (12) results in a density ratio of 0.235, below the systemic threshold. This suggests concentrated, actionable vulnerabilities rather than broad compromise, warranting a WARN for scheduled remediation.",high
data/scans/high-qual/postgres-16.3-alpine3.20.json,postgres:16.3-alpine3.20,high-qual,ALLOW,BLOCK,51.0,126.0,8.0,105.0,68.0,10.0,43.0,46.0,"8 critical CVEs and 105 high CVEs, with max_cvss 10.0, are present. The top25_cwe_count (46) is nearly equal to the total_dependency_count (51), resulting in a density ratio of ~0.90. This indicates systemic compromise, with nearly every component carrying a known weaponized weakness. This image has multiple independent, exploitable entry points and must be blocked.",high
data/scans/high-qual/mysql-9.0.json,mysql:9.0,high-qual,ALLOW,BLOCK,144.0,189.0,18.0,144.0,100.0,10.0,67.0,64.0,"18 critical CVEs and 144 high CVEs, with max_cvss 10.0, indicate severe risk. The 64 Top 25 CWE matches across 144 components (density 0.44) and 67 unique CWEs suggest a broad and systemic compromise, with multiple independent exploitable weaknesses spread across the image. This requires emergency remediation.",high
data/scans/high-qual/mysql-8.4.0.json,mysql:8.4.0,high-qual,ALLOW,BLOCK,144.0,205.0,21.0,156.0,111.0,10.0,73.0,68.0,"21 critical CVEs and 156 high CVEs, with max_cvss 10.0, indicate severe risk. The density ratio of top25_cwe_count (68) to total_dependency_count (144) is 0.47, well above the 0.3 threshold, suggesting widespread compromise. With 73 unique CWEs, this image presents multiple independent, exploitable entry points across its attack surface, requiring emergency remediation.",high
data/scans/high-qual/mariadb-11.4.json,mariadb:11.4,high-qual,ALLOW,WARN,155.0,37.0,1.0,24.0,15.0,10.0,14.0,12.0,"One critical CVE with max_cvss 10.0 and 24 high CVEs indicate actionable risk. However, across 155 components, the top25_cwe_count of 12 (density ~0.077) and 14 unique CWEs suggest concentrated issues rather than systemic compromise. This is an urgent but isolated remediation target, suitable for a sprint-cycle fix.",high
data/scans/high-qual/mariadb-10.11.json,mariadb:10.11,high-qual,ALLOW,WARN,157.0,46.0,1.0,29.0,20.0,10.0,21.0,13.0,"One critical CVE (max_cvss 10.0) and 29 high CVEs indicate significant actionable risk. However, across 157 components, the top25_cwe_count (13) results in a density ratio of ~0.08, well below the systemic threshold. This suggests concentrated, not widespread, compromise, making it an urgent but manageable remediation task.",high
data/scans/high-qual/cassandra-4.1.json,cassandra:4.1,high-qual,ALLOW,WARN,198.0,158.0,8.0,76.0,47.0,10.0,63.0,53.0,"8 critical CVEs and 76 high CVEs with max_cvss 10.0 indicate significant risk. However, the top25_cwe_count (53) divided by total_dependency_count (198) yields a density of 0.267, which is below the systemic compromise threshold. This suggests concentrated risk requiring urgent, but not emergency, remediation.",high
data/scans/high-qual/cassandra-5.0.json,cassandra:5.0,high-qual,ALLOW,WARN,230.0,146.0,7.0,72.0,43.0,10.0,58.0,45.0,"7 critical and 72 high CVEs, including max_cvss 10.0, indicate significant risk. However, across 230 components, the top25_cwe_count (45) results in a density ratio of 0.20, well below the systemic compromise threshold. This suggests concentrated risk in specific packages, making it an urgent but manageable remediation task.",high
data/scans/high-qual/couchdb-3.3.json,couchdb:3.3,high-qual,ALLOW,WARN,135.0,127.0,8.0,55.0,32.0,10.0,65.0,37.0,"8 critical CVEs and 55 high CVEs, with max_cvss 10.0, indicate significant actionable risk. However, the density of Top 25 CWEs (37 across 135 components, a ratio of 0.27) is below the systemic threshold, suggesting concentrated vulnerabilities rather than broad compromise. This requires urgent, but scheduled, remediation.",high
data/scans/high-qual/influxdb-2.7-alpine.json,influxdb:2.7-alpine,high-qual,ALLOW,WARN,312.0,67.0,4.0,44.0,26.0,10.0,24.0,17.0,"4 critical CVEs and 44 high CVEs, including a max_cvss of 10.0, indicate significant actionable risk. However, across 312 components, the top25_cwe_count (17) results in a density ratio of only 0.054, far below the systemic threshold. This suggests concentrated, isolated vulnerabilities rather than broad compromise, making it an urgent but manageable remediation task.",high
data/scans/high-qual/neo4j-5.19-community.json,neo4j:5.19-community,high-qual,ALLOW,WARN,346.0,167.0,9.0,74.0,50.0,10.0,76.0,56.0,"9 critical CVEs and 74 high CVEs with max_cvss 10.0 indicate significant, actionable risk. However, across 346 components, the top25_cwe_count (56) yields a density ratio of 0.16, well below the systemic compromise threshold. This suggests risk is concentrated in a subset of packages, requiring urgent but structured remediation rather than an emergency BLOCK.",high
data/scans/high-qual/rabbitmq-3.13-alpine.json,rabbitmq:3.13-alpine,high-qual,ALLOW,WARN,31.0,23.0,1.0,19.0,5.0,9.8,13.0,11.0,"One critical CVE (max_cvss 9.8) and 19 high CVEs indicate significant risk. With 11 Top 25 CWE matches across 31 components, the density ratio (0.35) is elevated but below the systemic BLOCK threshold. This represents a concentrated set of urgent remediation targets, suitable for a sprint-cycle fix rather than an emergency.",high
data/scans/high-qual/nats-2.10-alpine.json,nats:2.10-alpine,high-qual,ALLOW,BLOCK,31.0,42.0,1.0,28.0,16.0,10.0,15.0,13.0,"One critical CVE and 28 high CVEs, with max_cvss 10.0, indicate severe risk. Across only 31 components, 13 Top 25 CWE matches result in a density ratio of 0.419, signifying a broad spread of weaponized weaknesses. This is not an isolated issue but a systemic compromise requiring emergency remediation.",high
data/scans/high-qual/zookeeper-3.9.json,zookeeper:3.9,high-qual,ALLOW,WARN,205.0,23.0,0.0,10.0,5.0,7.8,18.0,8.0,"No critical CVEs are present, but 10 high-severity CVEs and 5 vulnerabilities with CVSS >= 7.0 indicate actionable risk. Across 205 components, the top25_cwe_count (8) results in a density of 0.039, well below the systemic threshold. This suggests concentrated, not systemic, risk requiring scheduled remediation.",high
data/scans/high-qual/eclipse-mosquitto-2.0.json,eclipse-mosquitto:2.0,high-qual,ALLOW,WARN,21.0,11.0,0.0,8.0,3.0,8.6,9.0,6.0,"No critical CVEs, but 8 HIGH CVEs and max_cvss 8.6 indicate actionable risk. Across 21 components, 6 Top 25 CWE matches and 9 unique weakness types suggest concentrated remediation targets rather than systemic compromise (density ratio 0.28); this is an urgent but structured engineering task, not an emergency.",high
data/scans/high-qual/eclipse-mosquitto-2.0-openssl.json,eclipse-mosquitto:2.0-openssl,high-qual,ALLOW,WARN,21.0,11.0,0.0,8.0,3.0,8.6,9.0,6.0,"No critical CVEs, but 8 HIGH CVEs with max_cvss 8.6 indicate actionable risk. Across 21 components, the top25_cwe_count (6) results in a density ratio of 0.28, suggesting concentrated risk rather than systemic compromise. This is an urgent but structured engineering task, not an emergency.",high
data/scans/high-qual/jenkins-jenkins-lts-jdk21.json,jenkins/jenkins:lts-jdk21,high-qual,ALLOW,WARN,317.0,131.0,6.0,50.0,35.0,10.0,61.0,40.0,"6 critical CVEs and 50 high CVEs, with a max_cvss of 10.0, indicate a significant and actionable remediation backlog. However, the density of Top 25 CWEs (40 across 317 components, a ratio of ~0.13) is well below the systemic compromise threshold, suggesting concentrated issues rather than pervasive weakness. This is an urgent but manageable engineering task.",high
data/scans/high-qual/jenkins-jenkins-lts-jdk17.json,jenkins/jenkins:lts-jdk17,high-qual,ALLOW,WARN,317.0,131.0,6.0,50.0,35.0,10.0,61.0,40.0,"6 critical CVEs and 50 high CVEs, with max_cvss 10.0, indicate significant actionable risk. However, across 317 components, the top25_cwe_count (40) results in a density ratio of ~0.13, well below the systemic compromise threshold. This suggests concentrated risk in specific packages, requiring urgent but scheduled remediation rather than emergency blocking.",high
data/scans/high-qual/drone-drone-2.23.0.json,drone/drone:2.23.0,high-qual,ALLOW,WARN,98.0,166.0,10.0,123.0,93.0,10.0,52.0,50.0,"10 critical CVEs and 123 high CVEs, with max_cvss 10.0, indicate substantial risk. The density of 50 Top 25 CWEs across 98 components (~0.51) is high, suggesting many components have weaponized weaknesses. While serious, this density is below the systemic BLOCK threshold, pointing to a significant, urgent remediation task rather than immediate, widespread exploitability.",high
data/scans/high-qual/registry-2.8.3.json,registry:2.8.3,high-qual,ALLOW,BLOCK,19.0,50.0,3.0,37.0,22.0,10.0,10.0,10.0,"3 critical CVEs and 37 high CVEs are present in a very small image of only 19 dependencies. The top25_cwe_count (10) results in a density ratio of 0.53, indicating that over half of the components contain a known weaponized weakness. This pattern suggests systemic compromise with multiple independent, exploitable entry points.",high
data/scans/high-qual/traefik-v3.1.json,traefik:v3.1,high-qual,ALLOW,WARN,336.0,87.0,5.0,58.0,34.0,10.0,36.0,25.0,"5 critical CVEs and 58 high CVEs, with max_cvss 10.0, indicate actionable risk. However, across 336 components, the top25_cwe_count (25) results in a density ratio of 0.074, well below the systemic compromise threshold. This suggests isolated, urgent remediation targets rather than widespread, exploitable weaknesses.",high
data/scans/high-qual/haproxy-3.0-alpine.json,haproxy:3.0-alpine,high-qual,ALLOW,WARN,25.0,9.0,0.0,7.0,2.0,7.8,8.0,5.0,"No critical CVEs, but 7 HIGH CVEs and 5 Top 25 CWE matches across 25 components indicate actionable risk. The density ratio of 0.2 (5/25) is below the systemic threshold, suggesting concentrated risk that requires scheduled remediation rather than emergency intervention.",high
data/scans/high-qual/envoyproxy-envoy-v1.29.3.json,envoyproxy/envoy:v1.29.3,high-qual,ALLOW,WARN,104.0,74.0,5.0,47.0,23.0,9.8,46.0,27.0,"5 critical and 47 high CVEs, with a max_cvss of 9.8, indicate significant actionable risk. However, the top25_cwe_count (27) across 104 dependencies results in a density ratio of 0.26, which is below the systemic compromise threshold. This suggests concentrated issues requiring urgent but scheduled remediation, not an emergency BLOCK.",high
data/scans/high-qual/envoyproxy-envoy-v1.30.1.json,envoyproxy/envoy:v1.30.1,high-qual,ALLOW,WARN,104.0,70.0,5.0,46.0,22.0,9.8,43.0,26.0,"5 critical CVEs and 46 high CVEs with max_cvss 9.8 indicate significant actionable risk. However, the density of Top 25 CWEs (26 across 104 components) is 0.25, which is below the 0.3 systemic threshold. This suggests concentrated risk requiring urgent remediation within normal engineering cycles, not an emergency BLOCK.",high
data/scans/high-qual/coredns-coredns-1.11.1.json,coredns/coredns:1.11.1,high-qual,ALLOW,WARN,118.0,75.0,5.0,48.0,32.0,10.0,21.0,17.0,"5 critical CVEs and 48 high CVEs, including a max_cvss of 10.0, indicate significant actionable risk. However, the density of Top 25 CWEs (17 across 118 components, ratio ~0.14) is low, suggesting risk is concentrated in specific packages rather than systemic compromise. This requires urgent, but not emergency, remediation.",high
data/scans/high-qual/varnish-7.5-alpine.json,varnish:7.5-alpine,high-qual,ALLOW,WARN,42.0,8.0,0.0,4.0,3.0,7.8,13.0,4.0,"No critical CVEs, but 4 HIGH CVEs and max_cvss 7.8 indicate actionable risk. Across 42 components, 4 Top 25 CWE matches and a density ratio of 0.095 suggest isolated remediation targets rather than systemic compromise; this is a sprint-cycle fix, not an emergency.",high
data/scans/high-qual/wordpress-6.5-php8.2-apache.json,wordpress:6.5-php8.2-apache,high-qual,ALLOW,BLOCK,247.0,4058.0,57.0,3068.0,1117.0,10.0,131.0,1473.0,"57 critical CVEs and 3068 high CVEs, with max_cvss 10.0, indicate severe risk. The density of Top 25 CWEs (1473 across 247 components, a ratio of 5.96) is extremely high, showing systemic compromise. This image has multiple independent, weaponized weaknesses spread broadly across its attack surface, requiring immediate blocking.",high
data/scans/high-qual/drupal-10.2-php8.2-apache.json,drupal:10.2-php8.2-apache,high-qual,ALLOW,BLOCK,258.0,3000.0,30.0,2219.0,771.0,10.0,122.0,998.0,"30 critical CVEs and 2219 high CVEs, combined with a top25_cwe_count of 998 across 258 dependencies, result in a density ratio of 3.87. This indicates systemic compromise with multiple independent, weaponized weaknesses per component, requiring immediate blocking and emergency remediation.",high
data/scans/high-qual/ghost-5.82-alpine.json,ghost:5.82-alpine,high-qual,ALLOW,WARN,2528.0,168.0,13.0,106.0,103.0,10.0,69.0,72.0,"13 critical CVEs and 106 high CVEs, with max_cvss 10.0, indicate significant actionable risk. However, across 2528 dependencies, the density of Top 25 CWEs (72) is very low (~0.028 per component), suggesting concentrated issues rather than systemic compromise. This requires urgent, but scheduled, remediation within normal engineering cycles.",high
data/scans/high-qual/solr-9.6-slim.json,solr:9.6-slim,high-qual,ALLOW,WARN,275.0,120.0,4.0,60.0,38.0,9.8,62.0,43.0,"4 critical and 60 high CVEs with max_cvss 9.8 indicate significant actionable risk. However, across 275 components, the top25_cwe_count (43) results in a density ratio of 0.156, well below the systemic threshold. This suggests concentrated risk in specific packages, making it an urgent but manageable remediation task, not an emergency.",high
data/scans/high-qual/redis-7.4-alpine.json,redis:7.4-alpine,high-qual,ALLOW,BLOCK,23.0,97.0,6.0,81.0,53.0,10.0,28.0,29.0,"6 critical CVEs and 81 high CVEs are present. With 29 Top 25 CWE matches across only 23 components, the density ratio (1.26) significantly exceeds 1.0, indicating systemic compromise where nearly every component carries a known weaponized weakness. This image has multiple independent, trivially exploitable entry points.",high
data/scans/high-qual/memcached-1.6.26-alpine.json,memcached:1.6.26-alpine,high-qual,ALLOW,BLOCK,20.0,18.0,1.0,7.0,7.0,7.8,13.0,10.0,"1 critical CVE and 7 high CVEs are present. With 10 Top 25 CWE matches across only 20 components, the density ratio of 0.5 indicates that half of the dependencies carry known weaponized weaknesses. This represents a systemic compromise with multiple independent exploitable entry points, requiring immediate remediation.",high
data/scans/high-qual/solr-9.5-slim.json,solr:9.5-slim,high-qual,ALLOW,WARN,276.0,127.0,6.0,65.0,43.0,9.8,64.0,44.0,"6 critical and 65 high CVEs, with max_cvss 9.8, indicate a significant remediation backlog. However, across 276 components, the top25_cwe_count (44) results in a density ratio of ~0.16, well below the systemic compromise threshold. This suggests concentrated risk requiring urgent but structured remediation, not an emergency BLOCK.",high
data/scans/high-qual/influxdb-2.7.json,influxdb:2.7,high-qual,ALLOW,WARN,578.0,201.0,13.0,122.0,81.0,10.0,76.0,48.0,"13 critical CVEs and 122 high CVEs represent significant actionable risk. However, across 578 dependencies, the top25_cwe_count (48) results in a density ratio of ~0.083, well below the systemic threshold. This indicates concentrated vulnerabilities requiring urgent remediation, but not a broad, immediately exploitable systemic compromise.",high
data/scans/high-qual/neo4j-5-community.json,neo4j:5-community,high-qual,ALLOW,WARN,340.0,482.0,7.0,182.0,74.0,10.0,63.0,89.0,"7 critical CVEs and 182 high CVEs, with max_cvss 10.0, indicate a substantial remediation backlog. However, across 340 components, the top25_cwe_count (89) results in a density ratio of approximately 0.26, which is below the systemic compromise threshold. This suggests concentrated risk requiring urgent, but not emergency, remediation.",high
data/scans/high-qual/alpine-3.21.json,alpine:3.21,high-qual,ALLOW,ALLOW,16.0,0.0,0.0,0.0,0.0,0.0,0.0,0.0,"No vulnerabilities of any severity (critical, high, or otherwise) were detected across all 16 components. The image has a pristine security profile, indicating it is safe for deployment without intervention.",high
data/scans/high-qual/ubuntu-25.04.json,ubuntu:25.04,high-qual,ALLOW,ALLOW,88.0,1.0,0.0,1.0,1.0,7.8,2.0,1.0,"No critical CVEs and only 1 high-severity vulnerability (max_cvss 7.8). Breadth indicators are minimal with only 2 unique CWE types and 1 Top 25 match across 88 components, indicating isolated risk rather than systemic weakness. This image is deployment-ready.",high
data/scans/high-qual/fedora-42.json,fedora:42,high-qual,ALLOW,ALLOW,0.0,0.0,0.0,0.0,0.0,0.0,0.0,0.0,"All vulnerability counts (total, critical, high, CVSS >= 7.0) are zero. There are no unique CWEs or Top 25 CWEs. The image is entirely free of detected vulnerabilities, making it safe for deployment.",high
data/scans/high-qual/busybox-stable.json,busybox:stable,high-qual,ALLOW,ALLOW,0.0,0.0,0.0,0.0,0.0,0.0,0.0,0.0,"No vulnerabilities of any severity were detected (vuln_total 0, critical_cve_count 0, high_cve_count 0, max_cvss 0.0). This image presents no security risk and is deployment-ready.",high
data/scans/high-qual/busybox-stable-musl.json,busybox:stable-musl,high-qual,ALLOW,ALLOW,0.0,0.0,0.0,0.0,0.0,0.0,0.0,0.0,"All vulnerability counts are zero, including critical, high, and CVSS >= 7.0. There are no unique CWEs or Top 25 CWE matches. This image is completely clean and poses no security risk.",high
data/scans/high-qual/php-8.4-fpm-alpine.json,php:8.4-fpm-alpine,high-qual,ALLOW,ALLOW,43.0,2.0,0.0,1.0,1.0,7.5,2.0,1.0,"No critical CVEs are present. The single high-severity vulnerability (max_cvss 7.5) is an isolated finding, as indicated by only 2 unique CWE types and 1 Top 25 match across 43 components. The risk is contained and does not warrant intervention.",high
data/scans/high-qual/php-8.4-cli-alpine.json,php:8.4-cli-alpine,high-qual,ALLOW,ALLOW,43.0,2.0,0.0,1.0,1.0,7.5,2.0,1.0,"No critical CVEs are present. The single high-severity vulnerability (max_cvss 7.5) is an isolated finding, as indicated by only 2 unique CWE types and 1 Top 25 CWE match across 43 components. The risk profile is minimal and contained, making it deployment-ready.",high
data/scans/high-qual/php-8.4-fpm-bookworm.json,php:8.4-fpm-bookworm,high-qual,ALLOW,BLOCK,174.0,1301.0,10.0,559.0,276.0,10.0,84.0,362.0,"10 critical CVEs and 559 high CVEs are present. With 362 Top 25 CWE matches across 174 components, the density ratio is 2.08, indicating more than two weaponized weaknesses per component on average. This represents systemic compromise with multiple independent, exploitable entry points.",high
data/scans/high-qual/php-8.4-cli-bookworm.json,php:8.4-cli-bookworm,high-qual,ALLOW,BLOCK,174.0,1301.0,10.0,559.0,276.0,10.0,84.0,362.0,"10 critical CVEs and 559 high CVEs, combined with a top25_cwe_count (362) more than double the total_dependency_count (174), indicate systemic compromise. This image has multiple independent, weaponized weaknesses spread broadly across its components, requiring immediate emergency remediation.",high
data/scans/high-qual/ruby-3.4-alpine.json,ruby:3.4-alpine,high-qual,ALLOW,WARN,109.0,1.0,0.0,1.0,1.0,8.1,1.0,0.0,"No critical CVEs, but one HIGH CVE with max_cvss 8.1 indicates an actionable risk. However, with only 1 total vulnerability, 1 unique CWE, and 0 Top 25 CWEs across 109 components, the risk is highly isolated and not systemic. This requires a scheduled remediation, not an emergency.",high
data/scans/high-qual/ruby-3.4-slim.json,ruby:3.4-slim,high-qual,ALLOW,WARN,170.0,48.0,3.0,12.0,10.0,10.0,33.0,12.0,"3 critical CVEs and a max_cvss of 10.0 indicate serious, actionable risk. However, with 12 Top 25 CWE matches across 170 components, the density ratio is only 0.07, well below the systemic threshold. This suggests isolated, high-priority remediation targets rather than broad compromise, fitting a WARN label.",high
data/scans/high-qual/ruby-3.4-bookworm.json,ruby:3.4-bookworm,high-qual,ALLOW,BLOCK,501.0,1481.0,15.0,644.0,340.0,10.0,107.0,447.0,"15 critical CVEs and 644 high CVEs, combined with a top25_cwe_count of 447 across 501 dependencies, result in a density ratio of 0.89. This indicates nearly every component carries a known weaponized weakness, signifying systemic compromise with multiple independent, exploitable entry points across the attack surface.",high
data/scans/high-qual/golang-1.24-alpine.json,golang:1.24-alpine,high-qual,ALLOW,WARN,58.0,20.0,2.0,16.0,14.0,9.8,15.0,12.0,"Two critical CVEs (max_cvss 9.8) and 16 high CVEs indicate significant actionable risk. However, the top25_cwe_count (12) across 58 components results in a density ratio of 0.207, which is below the systemic threshold, suggesting risk is concentrated rather than broadly compromised. This is an urgent, but manageable, remediation task.",high
data/scans/high-qual/golang-1.24-bookworm.json,golang:1.24-bookworm,high-qual,ALLOW,BLOCK,246.0,1710.0,17.0,881.0,380.0,10.0,104.0,468.0,"17 critical CVEs and 881 high CVEs, combined with a top25_cwe_count of 468 across 246 components, result in a density ratio of 1.9. This indicates systemic compromise with nearly two known weaponized weaknesses per component, signifying multiple independent, exploitable entry points.",high
data/scans/high-qual/node-24-alpine.json,node:24-alpine,high-qual,ALLOW,ALLOW,166.0,3.0,0.0,2.0,2.0,7.5,3.0,0.0,"No critical CVEs and only 2 high-severity findings (max_cvss 7.5) across 166 components. Breadth indicators are minimal, with only 3 unique CWE types and zero Top 25 CWE matches. The risk is negligible and contained, not systemic.",high
data/scans/high-qual/node-24-bookworm-slim.json,node:24-bookworm-slim,high-qual,ALLOW,WARN,236.0,80.0,5.0,22.0,17.0,10.0,46.0,16.0,"5 critical CVEs and 22 high CVEs, including a max_cvss of 10.0, indicate significant actionable risk. However, the density of Top 25 CWEs is low (16 across 236 components, a ratio of 0.07), suggesting concentrated vulnerabilities rather than systemic compromise. This requires urgent, but not emergency, remediation within normal engineering cycles.",high
data/scans/high-qual/node-24-slim.json,node:24-slim,high-qual,ALLOW,WARN,236.0,80.0,5.0,22.0,17.0,10.0,46.0,16.0,"5 critical CVEs and max_cvss 10.0 indicate serious risk. However, across 236 components, the top25_cwe_count of 16 results in a low density ratio (~0.07), suggesting risk is concentrated in specific packages rather than being broadly systemic. This requires urgent, but not emergency, remediation.",high
data/scans/high-qual/node-lts-bookworm-slim.json,node:lts-bookworm-slim,high-qual,ALLOW,WARN,236.0,80.0,5.0,22.0,17.0,10.0,46.0,16.0,"5 critical CVEs and 22 high CVEs, with max_cvss 10.0, indicate actionable risk. However, the density of Top 25 CWEs (16 across 236 components, a ratio of ~0.067) is very low, suggesting these are concentrated findings rather than systemic compromise. This is an urgent but isolated remediation task, not an emergency.",high
data/scans/high-qual/rust-1.79-alpine.json,rust:1.79-alpine,high-qual,ALLOW,BLOCK,28.0,31.0,2.0,24.0,17.0,9.8,18.0,16.0,"2 critical CVEs and 24 high CVEs, combined with 16 Top 25 CWE matches across only 28 components, indicate systemic compromise. The density ratio of 0.57 (16 Top 25 CWEs / 28 dependencies) is well above the WARN threshold, showing multiple independent, weaponized weaknesses spread broadly across the image's attack surface.",high
data/scans/high-qual/rust-1.80-alpine.json,rust:1.80-alpine,high-qual,ALLOW,BLOCK,28.0,31.0,2.0,24.0,17.0,9.8,18.0,16.0,"Two critical CVEs and 24 high CVEs are present. Crucially, 16 Top 25 CWE matches across only 28 dependencies (a density of 0.57) indicates that over half of the image's components carry known weaponized weaknesses. This is a systemic compromise with multiple independent exploitable entry points, not isolated findings.",high
data/scans/high-qual/rust-1.81-alpine.json,rust:1.81-alpine,high-qual,ALLOW,BLOCK,28.0,30.0,2.0,23.0,16.0,9.8,17.0,16.0,"With 2 critical and 23 high CVEs, and 16 Top 25 CWE matches across only 28 dependencies, over half of the image's components are affected by well-known, weaponized weaknesses. This high density (0.57) indicates systemic compromise across the small attack surface, requiring immediate intervention.",high
data/scans/high-qual/rust-1.82-alpine.json,rust:1.82-alpine,high-qual,ALLOW,BLOCK,28.0,30.0,2.0,23.0,16.0,9.8,17.0,16.0,"2 critical CVEs and 23 high CVEs are present. With 16 Top 25 CWE matches and 17 unique CWE types across only 28 dependencies, the density ratio of 0.57 indicates widespread, well-known weaknesses. This pattern suggests multiple independent exploitable entry points, not isolated issues, warranting immediate blocking.",high
data/scans/high-qual/rust-1.79-slim-bookworm.json,rust:1.79-slim-bookworm,high-qual,ALLOW,BLOCK,132.0,3837.0,27.0,2804.0,1022.0,10.0,101.0,1318.0,"27 critical CVEs and 2804 high CVEs, combined with an extremely high top25_cwe_count of 1318 across only 132 dependencies, indicate systemic compromise. The density ratio of 9.98 (top25_cwe_count / total_dependency_count) shows multiple weaponized weaknesses per component, signifying broad and deep exploitability.",high
data/scans/high-qual/rust-1.80-slim-bookworm.json,rust:1.80-slim-bookworm,high-qual,ALLOW,BLOCK,132.0,3660.0,27.0,2652.0,980.0,10.0,98.0,1246.0,"27 critical CVEs and 2652 high CVEs, combined with a top25_cwe_count of 1246 across only 132 dependencies, result in a density ratio of 9.43. This indicates an average of over 9 weaponized weaknesses per component, signifying systemic compromise with multiple independent, exploitable entry points. Immediate blocking is required.",high
data/scans/high-qual/rust-1.81-slim-bookworm.json,rust:1.81-slim-bookworm,high-qual,ALLOW,BLOCK,132.0,3499.0,27.0,2516.0,925.0,10.0,98.0,1167.0,"27 critical CVEs and 2516 high CVEs, combined with 1167 Top 25 CWE matches across only 132 dependencies, result in a density ratio of 8.84. This indicates pervasive, systemic compromise with multiple independent, weaponized exploitable entry points across the attack surface, requiring immediate blocking.",high
data/scans/high-qual/mongo-8.0.json,mongo:8.0,high-qual,ALLOW,WARN,370.0,42.0,3.0,25.0,15.0,10.0,20.0,14.0,"3 critical CVEs and 25 high CVEs are present, with max_cvss 10.0. However, across 370 components, the density of Top 25 CWEs is very low (14 matches, or ~0.038 per component), indicating concentrated risk rather than systemic compromise. This is an urgent but isolated remediation task, not an emergency.",high
data/scans/high-qual/redis-8.0-alpine.json,redis:8.0-alpine,high-qual,ALLOW,ALLOW,22.0,0.0,0.0,0.0,0.0,0.0,0.0,0.0,"No vulnerabilities of any severity (critical_cve_count: 0, high_cve_count: 0, vuln_total: 0) were detected across the 22 components. The image has a pristine security profile, indicating it is safe for deployment.",high
data/scans/high-qual/redis-8.0-bookworm.json,redis:8.0-bookworm,high-qual,ALLOW,WARN,90.0,78.0,5.0,20.0,15.0,10.0,44.0,16.0,"5 critical CVEs and 20 high CVEs with max_cvss 10.0 indicate significant actionable risk. However, the density of Top 25 CWEs (16 across 90 components, ratio ~0.177) is well below the systemic threshold of 0.3, suggesting concentrated remediation targets rather than broad, systemic compromise. This is an urgent but manageable engineering task.",high
data/scans/high-qual/mysql-9.1.json,mysql:9.1,high-qual,ALLOW,BLOCK,164.0,185.0,17.0,152.0,108.0,10.0,64.0,72.0,"17 critical CVEs and 152 high CVEs, with max_cvss 10.0, indicate severe risk. The density ratio of 72 Top 25 CWEs across 164 components (0.439) is well above the 0.3 threshold, signifying widespread, weaponized weaknesses across the image's attack surface, not just isolated findings.",high
data/scans/high-qual/postgres-17-bookworm.json,postgres:17-bookworm,high-qual,ALLOW,WARN,150.0,129.0,8.0,52.0,35.0,10.0,58.0,31.0,"8 critical CVEs and 52 high CVEs, with max_cvss 10.0, indicate significant actionable risk. However, across 150 components, the top25_cwe_count (31) results in a density ratio of 0.20, well below the systemic threshold. This suggests concentrated vulnerabilities requiring urgent remediation, not broad, immediately exploitable compromise.",high
data/scans/high-qual/postgres-17.2-alpine3.21.json,postgres:17.2-alpine3.21,high-qual,ALLOW,BLOCK,52.0,133.0,12.0,115.0,81.0,10.0,46.0,55.0,"12 critical CVEs and 115 high CVEs, with a max_cvss of 10.0, indicate severe risk. The density ratio of top25_cwe_count (55) to total_dependency_count (52) is 1.05, meaning more than one weaponized weakness per component on average. This represents systemic compromise with multiple independent, exploitable entry points.",high
data/scans/high-qual/nginx-1.27-alpine.json,nginx:1.27-alpine,high-qual,ALLOW,BLOCK,69.0,59.0,4.0,38.0,28.0,9.8,26.0,35.0,"4 critical CVEs and 38 high CVEs are present. The top25_cwe_count of 35 across 69 dependencies results in a density of approximately 0.51, indicating that roughly half the components contain a known weaponized weakness. This, combined with 26 unique CWE types, points to systemic compromise with multiple independent exploitable entry points, not isolated findings.",high
data/scans/high-qual/nginx-1.27-bookworm.json,nginx:1.27-bookworm,high-qual,ALLOW,BLOCK,150.0,232.0,13.0,96.0,74.0,10.0,73.0,88.0,"13 critical CVEs and max_cvss 10.0, combined with 88 Top 25 CWE matches across 150 components, indicate a density of 0.59 weaponized weaknesses per component. This represents a broad and systemic compromise with multiple independent, exploitable entry points across the attack surface, requiring immediate remediation.",high
data/scans/high-qual/httpd-2.4.63-alpine.json,httpd:2.4.63-alpine,high-qual,ALLOW,BLOCK,42.0,45.0,4.0,29.0,19.0,9.8,23.0,24.0,"4 critical CVEs and 29 high CVEs, with max_cvss 9.8, are present in a relatively small image of 42 dependencies. The density of Top 25 CWEs is 24 across 42 components (0.57 ratio), indicating that over half of the components, on average, contain a known weaponized weakness. This pattern suggests systemic compromise with multiple independent exploitable entry points.",high
data/scans/high-qual/httpd-2.4.63-bookworm.json,httpd:2.4.63-bookworm,high-qual,ALLOW,WARN,117.0,171.0,9.0,65.0,50.0,10.0,69.0,46.0,"9 critical CVEs and 65 high CVEs indicate significant risk. The density of Top 25 CWEs (46 across 117 components, ratio ~0.39) is elevated, and 69 unique CWEs suggest a broad attack surface. While serious, this profile indicates a substantial remediation backlog that fits within a structured engineering sprint, rather than systemic compromise requiring an emergency block.",high
data/scans/high-qual/eclipse-temurin-23-jre-alpine.json,eclipse-temurin:23-jre-alpine,high-qual,ALLOW,BLOCK,72.0,71.0,4.0,42.0,31.0,9.8,29.0,35.0,"4 critical CVEs and 42 high CVEs, combined with 35 Top 25 CWE matches and 29 unique CWE types across only 72 dependencies, indicate systemic compromise. The density ratio of 0.486 for Top 25 CWEs means nearly half of the components carry known weaponized weaknesses, representing multiple independent and broadly spread exploitable entry points. This requires immediate emergency remediation.",high
data/scans/high-qual/eclipse-temurin-23-jdk-alpine.json,eclipse-temurin:23-jdk-alpine,high-qual,ALLOW,WARN,77.0,74.0,4.0,43.0,32.0,9.8,31.0,36.0,"4 critical CVEs and 43 high CVEs, with max_cvss 9.8, indicate significant actionable risk. The top25_cwe_count (36) across 77 components results in a density of ~0.47, suggesting a notable concentration of weaponized weaknesses. This requires urgent remediation but is not a systemic compromise warranting an emergency BLOCK.",high
data/scans/high-qual/amazoncorretto-23-alpine.json,amazoncorretto:23-alpine,high-qual,ALLOW,BLOCK,18.0,25.0,2.0,19.0,13.0,9.8,14.0,13.0,"2 critical CVEs and 19 high CVEs with max_cvss 9.8 are present. Crucially, 13 Top 25 CWE matches across only 18 dependencies results in a density ratio of 0.72, indicating that a significant majority of components carry known weaponized weaknesses. This is systemic compromise, not isolated findings.",high
data/scans/high-qual/rabbitmq-4.0-management-alpine.json,rabbitmq:4.0-management-alpine,high-qual,ALLOW,ALLOW,31.0,0.0,0.0,0.0,0.0,0.0,0.0,0.0,"No vulnerabilities of any severity were detected across all 31 components. All critical, high, and CVSS-related counts, as well as CWE indicators, are zero, indicating a pristine security profile.",high
data/scans/high-qual/rabbitmq-4.0-alpine.json,rabbitmq:4.0-alpine,high-qual,ALLOW,ALLOW,31.0,0.0,0.0,0.0,0.0,0.0,0.0,0.0,"No vulnerabilities of any severity (vuln_total: 0, critical_cve_count: 0, high_cve_count: 0) were detected across all 31 components. All risk indicators, including max_cvss and CWE counts, are zero, indicating a completely clean and secure image.",high
data/scans/high-qual/nats-2.11-alpine.json,nats:2.11-alpine,high-qual,ALLOW,ALLOW,32.0,0.0,0.0,0.0,0.0,0.0,0.0,0.0,"No vulnerabilities of any severity were detected across all 32 components. There are zero critical or high CVEs, zero CVSS >= 7.0 findings, and no unique or Top 25 CWEs. This image is perfectly clean and meets all security standards.",high
data/scans/high-qual/apache-activemq-classic-5.18.6.json,apache/activemq-classic:5.18.6,high-qual,ALLOW,WARN,260.0,139.0,6.0,70.0,53.0,9.8,70.0,54.0,"6 critical and 70 high CVEs, with a max_cvss of 9.8, indicate significant actionable risk. However, across 260 dependencies, the top25_cwe_count of 54 results in a density ratio of 0.21, which is below the systemic compromise threshold. This suggests concentrated vulnerabilities requiring urgent, but not emergency, remediation.",high
data/scans/high-qual/prom-prometheus-v2.53.0.json,prom/prometheus:v2.53.0,high-qual,ALLOW,WARN,340.0,57.0,6.0,46.0,29.0,10.0,24.0,15.0,"6 critical and 46 high CVEs are a significant remediation backlog. However, across 340 components, the top25_cwe_count (15) results in a density ratio of 0.044, far below the systemic threshold. This indicates concentrated risk in a few packages, not broad compromise, making it an urgent but manageable engineering task.",high
data/scans/high-qual/prom-prometheus-v2.54.0.json,prom/prometheus:v2.54.0,high-qual,ALLOW,WARN,340.0,53.0,6.0,43.0,28.0,10.0,24.0,15.0,"6 critical CVEs and 43 high CVEs, with max_cvss 10.0, indicate significant actionable risk. However, across 340 components, the top25_cwe_count (15) results in a very low density ratio (~0.044), suggesting vulnerabilities are concentrated in isolated packages rather than representing systemic compromise. This requires urgent, but not emergency, remediation.",high
data/scans/high-qual/grafana-grafana-11.0.0.json,grafana/grafana:11.0.0,high-qual,ALLOW,WARN,449.0,104.0,9.0,65.0,46.0,10.0,43.0,31.0,"9 critical CVEs and 65 high CVEs, including a max_cvss of 10.0, represent a significant remediation backlog. However, across 449 dependencies, the top25_cwe_count of 31 results in a density ratio of ~0.07, indicating risk is concentrated in specific packages rather than systemic compromise. This is an urgent, but manageable, engineering task.",high
data/scans/high-qual/grafana-grafana-11.1.0.json,grafana/grafana:11.1.0,high-qual,ALLOW,WARN,446.0,103.0,8.0,64.0,45.0,10.0,43.0,31.0,"8 critical CVEs and 64 high CVEs, including a max_cvss of 10.0, indicate significant risk. However, across 446 dependencies, the top25_cwe_count of 31 results in a density ratio of ~0.07, well below the systemic threshold. This suggests concentrated vulnerabilities requiring urgent, but not emergency, remediation within normal engineering cycles.",high
data/scans/high-qual/grafana-loki-3.0.0.json,grafana/loki:3.0.0,high-qual,ALLOW,WARN,260.0,70.0,7.0,48.0,34.0,10.0,26.0,26.0,"7 critical CVEs and 48 high CVEs, with max_cvss 10.0, indicate a significant remediation backlog. However, across 260 components, the top25_cwe_count of 26 results in a density ratio of 0.1, well below the systemic threshold. This suggests concentrated, actionable risk rather than pervasive compromise, fitting a sprint-cycle fix.",high
data/scans/high-qual/grafana-tempo-2.5.0.json,grafana/tempo:2.5.0,high-qual,ALLOW,WARN,313.0,105.0,9.0,80.0,54.0,10.0,34.0,39.0,"9 critical CVEs and 80 high CVEs represent a substantial remediation backlog. However, across 313 components, the top25_cwe_count (39) results in a density ratio of ~0.12, well below the systemic threshold. This indicates risk is concentrated in a subset of packages, making it an urgent but structured engineering task rather than an emergency.",high
data/scans/high-qual/elasticsearch-8.14.0.json,elasticsearch:8.14.0,high-qual,ALLOW,WARN,603.0,66.0,5.0,33.0,26.0,10.0,36.0,22.0,"5 critical and 33 high CVEs are present, including a max_cvss of 10.0. However, across 603 dependencies, the top25_cwe_count (22) results in a density ratio of only 0.036, far below the systemic compromise threshold. This indicates concentrated, actionable risk within a large image, suitable for scheduled remediation rather than an emergency BLOCK.",high
data/scans/high-qual/kibana-8.14.0.json,kibana:8.14.0,high-qual,ALLOW,WARN,1586.0,119.0,17.0,79.0,70.0,9.9,57.0,42.0,"17 critical CVEs and 79 high CVEs with max_cvss 9.9 represent a significant remediation backlog. However, across 1586 dependencies, the top25_cwe_count (42) results in a very low density ratio (0.026), indicating that the risk is concentrated in a subset of packages rather than being a systemic compromise. This is an urgent but structured engineering task, not an emergency.",high
data/scans/high-qual/gitlab-gitlab-ce-17.0.1-ce.0.json,gitlab/gitlab-ce:17.0.1-ce.0,high-qual,ALLOW,WARN,3174.0,343.0,38.0,211.0,164.0,10.0,119.0,118.0,"Despite 38 critical CVEs and 118 Top 25 CWE matches, the density ratio is very low (118 Top 25 CWEs / 3174 dependencies = ~0.037). This indicates that the vulnerabilities are concentrated in a small fraction of the image's components, not spread systemically. Remediation is urgent but fits within normal engineering cycles.",high
data/scans/high-qual/gitea-gitea-1.22.0.json,gitea/gitea:1.22.0,high-qual,ALLOW,WARN,341.0,174.0,16.0,110.0,76.0,10.0,71.0,72.0,"16 critical CVEs and max_cvss 10.0 indicate significant risk. However, across 341 components, the top25_cwe_count (72) results in a density ratio of approximately 0.21, which is below the 0.3 threshold for systemic compromise. This suggests risk is concentrated in a subset of packages, making it an urgent but manageable remediation task within normal engineering cycles.",high
data/scans/high-qual/sonarqube-10.6-community.json,sonarqube:10.6-community,high-qual,ALLOW,WARN,765.0,161.0,8.0,80.0,62.0,9.8,71.0,58.0,"8 critical CVEs and 80 high CVEs, with max_cvss 9.8, indicate significant actionable risk. However, across 765 dependencies, the top25_cwe_count (58) yields a density ratio of 0.0758, well below the systemic threshold. This suggests concentrated, not widespread, compromise, making it an urgent but manageable remediation task.",high
data/scans/high-qual/sonatype-nexus3-3.70.0.json,sonatype/nexus3:3.70.0,high-qual,ALLOW,WARN,688.0,380.0,21.0,206.0,144.0,10.0,110.0,175.0,"21 critical CVEs and 206 high CVEs represent a significant remediation backlog across 688 components. However, the density of Top 25 CWEs (175/688 = ~0.25) is below the systemic compromise threshold of 0.3. This indicates concentrated risk in a subset of packages, requiring urgent but structured remediation within normal engineering cycles, not an emergency BLOCK.",high
data/scans/high-qual/keycloak-keycloak-25.0.json,keycloak/keycloak:25.0,high-qual,ALLOW,WARN,446.0,148.0,2.0,75.0,51.0,9.8,73.0,59.0,"Two critical CVEs and 75 high CVEs, with max_cvss 9.8, indicate significant actionable risk. However, across 446 dependencies, the top25_cwe_count (59) results in a density ratio of 0.13, well below the systemic threshold. This suggests concentrated, urgent remediation targets rather than broad, systemic compromise.",high
data/scans/high-qual/keycloak-keycloak-26.0.json,keycloak/keycloak:26.0,high-qual,ALLOW,WARN,491.0,136.0,2.0,74.0,53.0,9.8,69.0,57.0,"Two critical CVEs and 74 high CVEs, with max_cvss 9.8, indicate significant actionable risk. However, across 491 dependencies, the top25_cwe_count (57) results in a density ratio of ~0.116, well below the systemic compromise threshold. This suggests concentrated, urgent remediation targets rather than broad, systemic compromise.",high
data/scans/high-qual/traefik-v3.2.json,traefik:v3.2,high-qual,ALLOW,WARN,340.0,86.0,6.0,63.0,44.0,10.0,39.0,32.0,"6 critical CVEs and 63 high CVEs with max_cvss 10.0 indicate significant actionable risk. However, across 340 dependencies, the top25_cwe_count (32) results in a density ratio of 0.094, well below the systemic compromise threshold. This suggests concentrated, urgent remediation targets rather than broad, immediately exploitable compromise.",high
data/scans/high-qual/haproxy-3.1-alpine.json,haproxy:3.1-alpine,high-qual,ALLOW,ALLOW,25.0,0.0,0.0,0.0,0.0,0.0,0.0,0.0,"No vulnerabilities, critical, or high CVEs were detected across 25 components. All risk indicators (vuln_total, critical_cve_count, high_cve_count, cvss_ge_7_count, unique_cwe_count, top25_cwe_count) are zero, indicating a pristine security profile.",high
data/scans/high-qual/caddy-2.8-alpine.json,caddy:2.8-alpine,high-qual,ALLOW,WARN,146.0,97.0,14.0,71.0,51.0,10.0,41.0,34.0,"14 critical and 71 high CVEs represent a significant remediation backlog. However, the top25_cwe_count (34) across 146 components yields a density of ~0.23, which is below the systemic compromise threshold. This indicates concentrated risk requiring urgent, but not emergency, remediation.",high
data/scans/high-qual/wordpress-6.6-php8.3-apache.json,wordpress:6.6-php8.3-apache,high-qual,ALLOW,BLOCK,253.0,3585.0,51.0,2496.0,977.0,10.0,128.0,1228.0,"51 critical CVEs and 2496 high CVEs, with max_cvss 10.0, indicate severe risk. The density ratio of top25_cwe_count (1228) to total_dependency_count (253) is 4.85, meaning nearly five known weaponized weaknesses per component on average. This represents systemic, broad compromise with multiple independent exploitable entry points.",high
data/scans/high-qual/wordpress-6.7-php8.3-apache.json,wordpress:6.7-php8.3-apache,high-qual,ALLOW,BLOCK,253.0,2985.0,50.0,1964.0,789.0,10.0,124.0,962.0,"50 critical CVEs and 1964 high CVEs, with a max_cvss of 10.0, indicate severe risk. The density of 962 Top 25 CWE matches across 253 dependencies (a ratio of 3.79) signifies systemic compromise, with multiple independent, weaponized weaknesses per component. This image has pervasive, immediately exploitable vulnerabilities.",high
data/scans/high-qual/ghost-5.90-alpine.json,ghost:5.90-alpine,high-qual,ALLOW,WARN,2457.0,248.0,20.0,184.0,152.0,10.0,75.0,92.0,"20 critical CVEs and 184 high CVEs with max_cvss 10.0 indicate significant actionable risk. However, across 2457 dependencies, the top25_cwe_count (92) results in a density ratio of only 0.037, far below the systemic compromise threshold. This suggests concentrated vulnerabilities requiring urgent, but not emergency, remediation.",high
data/scans/high-qual/drupal-10.3-php8.3-apache.json,drupal:10.3-php8.3-apache,high-qual,ALLOW,BLOCK,258.0,2479.0,31.0,1544.0,631.0,10.0,119.0,711.0,"31 critical CVEs and 1544 high CVEs, combined with a top25_cwe_count of 711 across 258 dependencies, result in a density ratio of 2.75. This indicates systemic compromise with multiple independent, weaponized weaknesses per component, requiring immediate blocking and emergency remediation.",high
data/scans/high-qual/neo4j-5.21-community.json,neo4j:5.21-community,high-qual,ALLOW,WARN,354.0,188.0,9.0,80.0,61.0,10.0,82.0,60.0,"9 critical CVEs and 80 high CVEs, with max_cvss 10.0, indicate a serious remediation backlog. However, across 354 components, the top25_cwe_count (60) results in a density ratio of ~0.17, well below the systemic threshold. This suggests concentrated risk in specific packages, making it an urgent but structured engineering task, not an emergency.",high
data/scans/high-qual/solr-9.7-slim.json,solr:9.7-slim,high-qual,ALLOW,WARN,277.0,104.0,6.0,53.0,41.0,9.8,60.0,34.0,"6 critical CVEs and 53 high CVEs indicate significant risk. However, across 277 components, the top25_cwe_count (34) results in a density ratio of ~0.12, well below the systemic threshold. This suggests concentrated, actionable vulnerabilities rather than broad, systemic compromise, making it an urgent but manageable remediation task.",high
data/scans/high-qual/influxdb-2.7.10-alpine.json,influxdb:2.7.10-alpine,high-qual,ALLOW,WARN,351.0,115.0,9.0,82.0,50.0,10.0,41.0,40.0,"9 critical CVEs and 82 high CVEs represent a substantial remediation backlog. However, with 351 dependencies, the top25_cwe_count (40) results in a density ratio of ~0.11, well below the systemic compromise threshold. This indicates concentrated risk in a subset of packages, requiring urgent but structured remediation rather than an emergency BLOCK.",high
data/scans/high-qual/minio-minio-RELEASE.2024-10-02T17-50-41Z.json,minio/minio:RELEASE.2024-10-02T17-50-41Z,high-qual,ALLOW,WARN,354.0,71.0,6.0,48.0,29.0,10.0,35.0,23.0,"6 critical CVEs and 48 high CVEs are significant, but across 354 components, the top25_cwe_count (23) results in a low density ratio (~0.065). This indicates risk is concentrated in a subset of packages, not broadly systemic, making it an urgent but structured remediation task.",high
data/scans/aged-stale/nginx-1.18.0.json,nginx:1.18.0,aged-stale,WARN,BLOCK,136.0,279.0,44.0,180.0,136.0,10.0,83.0,155.0,"44 critical CVEs and 155 Top 25 CWE matches across 136 components, resulting in a density ratio over 1.0. This indicates systemic compromise with multiple independent, weaponized weaknesses spread broadly across the image, requiring immediate emergency remediation.",high
data/scans/aged-stale/nginx-1.19.0.json,nginx:1.19.0,aged-stale,WARN,BLOCK,136.0,332.0,46.0,222.0,173.0,10.0,89.0,178.0,"46 critical CVEs and 222 high CVEs, combined with a top25_cwe_count of 178 across 136 dependencies, result in a density ratio of 1.31. This indicates more than one known weaponized weakness per component on average, signifying systemic compromise with multiple independent, exploitable entry points across the image.",high
data/scans/aged-stale/nginx-1.20.0.json,nginx:1.20.0,aged-stale,WARN,BLOCK,136.0,277.0,44.0,179.0,135.0,10.0,82.0,155.0,"44 critical CVEs and 155 Top 25 CWE matches across 136 components, resulting in a density ratio of 1.14. This indicates systemic compromise with multiple independent, weaponized weaknesses spread across the attack surface, requiring immediate emergency remediation.",high
data/scans/aged-stale/nginx-1.21.0.json,nginx:1.21.0,aged-stale,WARN,BLOCK,136.0,252.0,30.0,157.0,113.0,10.0,80.0,133.0,"30 critical CVEs and 157 high CVEs, with 133 Top 25 CWE matches across 136 components, indicate systemic compromise. The density ratio of 0.98 (top25_cwe_count / total_dependency_count) means nearly every component carries a known weaponized weakness, presenting multiple independent, trivially exploitable entry points.",high
data/scans/aged-stale/nginx-1.22.0.json,nginx:1.22.0,aged-stale,WARN,BLOCK,143.0,346.0,18.0,177.0,114.0,10.0,94.0,156.0,"18 critical CVEs and 156 Top 25 CWE matches across 143 components, resulting in a density ratio of 1.09. This indicates systemic compromise with more than one known weaponized weakness per component on average, suggesting multiple independent, exploitable entry points across the attack surface.",high
data/scans/aged-stale/alpine-3.12.json,alpine:3.12,aged-stale,WARN,WARN,15.0,1.0,1.0,1.0,1.0,9.8,2.0,1.0,"One critical CVE with max_cvss 9.8 is a serious, prioritized finding. However, across 15 components, the breadth indicators are extremely low (2 unique CWE types, 1 Top 25 match), and the density ratio is 0.066. This indicates an isolated exploitable dependency, not systemic compromise; remediation is urgent but not emergency-level.",high
data/scans/aged-stale/alpine-3.13.json,alpine:3.13,aged-stale,WARN,ALLOW,15.0,0.0,0.0,0.0,0.0,0.0,0.0,0.0,"No vulnerabilities of any severity (critical_cve_count: 0, high_cve_count: 0, vuln_total: 0) and no CWEs detected across all 15 components. This image is completely clean and meets all security standards.",high
data/scans/aged-stale/alpine-3.14.json,alpine:3.14,aged-stale,WARN,ALLOW,15.0,0.0,0.0,0.0,0.0,0.0,0.0,0.0,"All vulnerability counts are zero, including critical, high, and CVSS >= 7.0. There are no unique CWEs or Top 25 CWE matches across the 15 dependencies. This image is completely clean and meets all security standards.",high
data/scans/aged-stale/ubuntu-16.04.json,ubuntu:16.04,aged-stale,WARN,ALLOW,98.0,0.0,0.0,0.0,0.0,0.0,0.0,0.0,"No vulnerabilities of any severity (critical_cve_count: 0, high_cve_count: 0, vuln_total: 0) were detected across 98 components. The max_cvss is 0.0, and there are no unique CWEs or Top 25 CWE matches, indicating a completely clean security profile.",high
data/scans/aged-stale/ubuntu-18.04.json,ubuntu:18.04,aged-stale,WARN,ALLOW,90.0,0.0,0.0,0.0,0.0,0.0,0.0,0.0,"No vulnerabilities of any severity (critical, high, or otherwise) were detected across 90 components. All vulnerability counts, CVSS scores, and CWE indicators are zero, indicating a completely clean image.",high
data/scans/aged-stale/debian-buster.json,debian:buster,aged-stale,WARN,WARN,92.0,38.0,2.0,22.0,18.0,9.8,29.0,18.0,"Two critical CVEs and 22 high-severity findings with max_cvss 9.8 indicate actionable risk. However, the density of Top 25 CWEs (18 across 92 components, ratio ~0.195) is well below the systemic threshold, suggesting concentrated risk in specific packages rather than broad compromise. This is an urgent, but manageable, remediation task.",high
data/scans/aged-stale/debian-stretch.json,debian:stretch,aged-stale,WARN,WARN,84.0,33.0,2.0,16.0,17.0,9.8,21.0,17.0,"Two critical CVEs with max_cvss 9.8 and 16 high-severity findings indicate actionable risk. However, the top25_cwe_count (17) divided by total_dependency_count (84) yields a density of ~0.20, well below the systemic compromise threshold. This suggests concentrated, isolated issues requiring urgent remediation, not an emergency BLOCK.",high
data/scans/aged-stale/python-3.6.15.json,python:3.6.15,aged-stale,WARN,BLOCK,430.0,6975.0,97.0,4410.0,1961.0,10.0,195.0,2600.0,"97 critical CVEs and 4410 high CVEs, with max_cvss 10.0, indicate severe risk. The top25_cwe_count (2600) is over 6 times the total_dependency_count (430), signifying systemic compromise with multiple weaponized weaknesses per component. This image has widespread, independently exploitable entry points.",high
data/scans/aged-stale/python-3.7.12.json,python:3.7.12,aged-stale,WARN,BLOCK,430.0,6868.0,82.0,4356.0,1922.0,10.0,194.0,2556.0,"With 82 critical and 4356 high CVEs, this image presents extreme risk. The top25_cwe_count (2556) is nearly six times the total_dependency_count (430), indicating systemic compromise with multiple weaponized weaknesses per component. The 194 unique CWEs confirm broad, pervasive vulnerability across the attack surface, requiring immediate blocking.",high
data/scans/aged-stale/python-3.8.10.json,python:3.8.10,aged-stale,WARN,BLOCK,434.0,1480.0,49.0,1018.0,585.0,10.0,147.0,741.0,"49 critical CVEs and 741 Top 25 CWE matches across 434 components, resulting in a density ratio of 1.7 Top 25 CWEs per component. This indicates systemic compromise with multiple independent, weaponized exploitable entry points spread broadly across the image, requiring immediate emergency remediation.",high
data/scans/aged-stale/python-3.9.5.json,python:3.9.5,aged-stale,WARN,BLOCK,434.0,1480.0,49.0,1018.0,585.0,10.0,147.0,741.0,"49 critical CVEs and 1018 high CVEs, with a max_cvss of 10.0, indicate severe risk. The density ratio of top25_cwe_count (741) to total_dependency_count (434) is 1.7, far exceeding the systemic compromise threshold of 1.0. This, along with 147 unique CWEs, signifies widespread, independently exploitable weaknesses across the image, requiring immediate intervention.",high
data/scans/aged-stale/node-10.24.1.json,node:10.24.1,aged-stale,WARN,BLOCK,851.0,540.0,39.0,364.0,285.0,10.0,93.0,274.0,"39 critical CVEs and 364 high CVEs, with max_cvss 10.0, indicate severe and widespread vulnerabilities. The 274 Top 25 CWE matches and 93 unique CWE types across 851 components, with a density ratio of 0.32, demonstrate systemic compromise with multiple independent exploitable entry points, requiring emergency remediation.",high
data/scans/aged-stale/node-12.22.9.json,node:12.22.9,aged-stale,WARN,WARN,853.0,353.0,26.0,238.0,196.0,10.0,78.0,175.0,"26 critical CVEs and 175 Top 25 CWE matches represent a significant remediation backlog. However, across 853 dependencies, the density ratio of Top 25 CWEs (0.205) is below the systemic threshold of 0.3. This indicates a large, urgent remediation task concentrated in a subset of packages, not a systemic, broadly exploitable compromise requiring immediate blocking.",high
data/scans/aged-stale/node-14.17.0.json,node:14.17.0,aged-stale,WARN,BLOCK,851.0,531.0,39.0,359.0,279.0,10.0,91.0,268.0,"39 critical CVEs and 359 high CVEs, combined with 268 Top 25 CWE matches across 851 components, indicate systemic compromise. The density of Top 25 CWEs (0.31) is above the WARN threshold, and the absolute counts show multiple independent, weaponized weaknesses spread broadly across the attack surface, requiring emergency remediation.",high
data/scans/aged-stale/node-15.14.0.json,node:15.14.0,aged-stale,WARN,BLOCK,667.0,532.0,38.0,359.0,279.0,10.0,94.0,267.0,"38 critical CVEs and 267 Top 25 CWE matches across 667 components, with 94 unique CWE types, indicate widespread and systemic compromise. The density of Top 25 CWEs (0.40) is significant, showing that a large proportion of components carry weaponized weaknesses. This image has multiple independent, severe exploitable entry points and requires emergency remediation.",high
data/scans/aged-stale/node-16.13.0.json,node:16.13.0,aged-stale,WARN,BLOCK,637.0,1353.0,48.0,926.0,537.0,10.0,149.0,670.0,"48 critical CVEs with max_cvss 10.0 and 670 Top 25 CWE matches across 637 components, yielding a density ratio of 1.05. This indicates more than one weaponized weakness per component on average, alongside 149 unique CWE types. This is systemic, broad compromise with multiple independent exploitable entry points, requiring immediate blocking.",high
data/scans/aged-stale/golang-1.15.15.json,golang:1.15.15,aged-stale,WARN,BLOCK,238.0,1210.0,53.0,920.0,517.0,10.0,142.0,567.0,"53 critical CVEs and 920 high CVEs, with max_cvss 10.0, indicate severe risk. The top25_cwe_count (567) is more than double the total_dependency_count (238), meaning over 2 weaponized weaknesses per component on average. This represents systemic, broad, and immediately exploitable compromise across the image.",high
data/scans/aged-stale/golang-1.16.15.json,golang:1.16.15,aged-stale,WARN,BLOCK,241.0,6430.0,62.0,4140.0,1748.0,10.0,177.0,2262.0,"62 critical CVEs and 2262 Top 25 CWE matches across 241 components result in a density ratio of 9.38, indicating multiple weaponized weaknesses per component. This represents systemic, broad compromise with numerous independent exploitable entry points, requiring immediate blocking.",high
data/scans/aged-stale/golang-1.17.13.json,golang:1.17.13,aged-stale,WARN,BLOCK,241.0,5810.0,57.0,3843.0,1584.0,10.0,172.0,2016.0,"57 critical CVEs and 3843 high CVEs, with a max_cvss of 10.0, indicate severe risk. The density of 2016 Top 25 CWE matches across 241 dependencies (ratio > 8.0) signifies pervasive, systemic compromise with multiple weaponized weaknesses per component. This image has widespread, immediately exploitable vulnerabilities.",high
data/scans/aged-stale/rust-1.50.0.json,rust:1.50.0,aged-stale,WARN,BLOCK,414.0,1623.0,63.0,1129.0,647.0,10.0,150.0,817.0,"63 critical CVEs and 1129 high CVEs, with a max_cvss of 10.0, indicate severe risk. The density ratio of top25_cwe_count (817) to total_dependency_count (414) is approximately 1.97, meaning nearly two weaponized weaknesses per component on average. This, combined with 150 unique CWE types, points to systemic, broadly exploitable compromise across the image.",high
data/scans/aged-stale/rust-1.55.0.json,rust:1.55.0,aged-stale,WARN,BLOCK,410.0,7102.0,98.0,4478.0,1989.0,10.0,197.0,2662.0,"98 critical CVEs and 4478 high CVEs, with max_cvss 10.0, indicate severe risk. The top25_cwe_count (2662) is 6.49 times the total_dependency_count (410), far exceeding the systemic compromise threshold of 1.0. This image has widespread, independently exploitable weaknesses across its 410 components, requiring immediate blocking.",high
data/scans/aged-stale/ruby-2.5.9.json,ruby:2.5.9,aged-stale,WARN,BLOCK,447.0,1465.0,50.0,1012.0,580.0,10.0,148.0,730.0,"50 critical CVEs and 1012 high CVEs, with a top25_cwe_count of 730 across 447 dependencies (a density ratio of 1.63), indicate systemic compromise. This image has multiple independent, weaponized weaknesses spread broadly across its attack surface, requiring immediate emergency remediation.",high
data/scans/aged-stale/ruby-2.6.8.json,ruby:2.6.8,aged-stale,WARN,BLOCK,454.0,7118.0,100.0,4491.0,2000.0,10.0,198.0,2666.0,"100 critical CVEs and 4491 high CVEs, combined with a top25_cwe_count of 2666 across 454 dependencies, result in a density ratio of 5.87. This indicates an average of nearly six weaponized weaknesses per component, signifying pervasive, systemic compromise with multiple independent exploitable entry points.",high
data/scans/aged-stale/ruby-2.7.4.json,ruby:2.7.4,aged-stale,WARN,BLOCK,465.0,7123.0,100.0,4494.0,2003.0,10.0,199.0,2665.0,"100 critical CVEs and 2665 Top 25 CWE matches across 465 components result in a density ratio of 5.73, far exceeding the systemic compromise threshold. This indicates multiple independent, trivially exploitable entry points spread broadly across the image, requiring immediate emergency remediation.",high
data/scans/aged-stale/php-7.2.34.json,php:7.2.34,aged-stale,WARN,BLOCK,160.0,1237.0,22.0,918.0,491.0,10.0,132.0,612.0,"22 critical CVEs and 918 high CVEs, with a max_cvss of 10.0, indicate severe risk. The density ratio of top25_cwe_count (612) to total_dependency_count (160) is 3.825, far exceeding 1.0, meaning multiple weaponized weaknesses per component. This is systemic, broad compromise requiring immediate intervention.",high
data/scans/aged-stale/php-7.3.33.json,php:7.3.33,aged-stale,WARN,BLOCK,168.0,6139.0,47.0,3941.0,1615.0,10.0,156.0,2174.0,"47 critical CVEs and 3941 high CVEs, combined with an extreme density of 2174 Top 25 CWE matches across only 168 components (a ratio of 12.94), indicate pervasive and systemic compromise. This image has multiple independent, trivially exploitable entry points across its attack surface, requiring immediate emergency remediation.",high
data/scans/aged-stale/php-7.4.26.json,php:7.4.26,aged-stale,WARN,BLOCK,169.0,6516.0,49.0,4132.0,1726.0,10.0,160.0,2349.0,"49 critical CVEs and 4132 high CVEs, combined with a top25_cwe_count of 2349 across 169 dependencies, result in a density ratio of over 13.8 Top 25 CWEs per component. This indicates systemic, widespread compromise with multiple independent, weaponized weaknesses, requiring immediate blocking.",high
data/scans/aged-stale/postgres-9.6.24.json,postgres:9.6.24,aged-stale,WARN,WARN,136.0,158.0,12.0,120.0,95.0,10.0,53.0,50.0,"12 critical CVEs and 120 high CVEs, including 50 Top 25 CWE matches, indicate a substantial remediation backlog. However, the density of Top 25 CWEs (50 across 136 components, or ~0.37) is below the systemic compromise threshold, suggesting concentrated risk rather than widespread, independently exploitable paths across nearly every component. This is an urgent, but structured, engineering task.",high
data/scans/aged-stale/postgres-12.14.json,postgres:12.14,aged-stale,WARN,BLOCK,152.0,272.0,17.0,173.0,121.0,10.0,90.0,85.0,"17 critical CVEs and max_cvss 10.0 are present. The density of Top 25 CWEs is 0.56 (85/152), indicating that over half of the components carry a known weaponized weakness. With 90 unique CWEs, this represents a broad and systemic compromise across the image's attack surface, requiring immediate intervention.",high
data/scans/aged-stale/mysql-5.6.51.json,mysql:5.6.51,aged-stale,WARN,WARN,117.0,150.0,11.0,113.0,86.0,10.0,45.0,49.0,"11 critical CVEs and 113 high CVEs, with max_cvss 10.0, indicate significant actionable risk. However, the top25_cwe_count (49) across 117 dependencies results in a density ratio of ~0.42, which is below the systemic compromise threshold of 1.0. This suggests concentrated risk requiring urgent remediation within normal engineering cycles, not an emergency BLOCK.",high
data/scans/aged-stale/mysql-5.7.30.json,mysql:5.7.30,aged-stale,WARN,BLOCK,130.0,267.0,24.0,198.0,155.0,10.0,76.0,97.0,"24 critical CVEs and 97 Top 25 CWE matches across 130 components, yielding a density ratio of 0.75, indicate systemic compromise. This image has multiple independent, well-known exploitable entry points spread broadly across the attack surface, requiring immediate remediation.",high
data/scans/aged-stale/mysql-5.7.35.json,mysql:5.7.35,aged-stale,WARN,BLOCK,130.0,219.0,20.0,159.0,122.0,10.0,71.0,73.0,"20 critical CVEs and 159 high CVEs, with max_cvss 10.0, indicate severe risk. The density ratio of top25_cwe_count (73) to total_dependency_count (130) is 0.56, meaning over half of components, on average, carry a weaponized weakness. This, combined with 71 unique CWE types, points to systemic, broad compromise with multiple independent exploitable entry points.",high
data/scans/aged-stale/mariadb-10.3.34.json,mariadb:10.3.34,aged-stale,WARN,BLOCK,189.0,520.0,18.0,275.0,154.0,10.0,76.0,124.0,"18 critical CVEs and 275 high CVEs, combined with 124 Top 25 CWE matches across 189 components (a density ratio of ~0.66), indicate systemic compromise. The high unique CWE count (76) further confirms multiple independent, well-known exploitable entry points spread across the attack surface, requiring immediate intervention.",high
data/scans/aged-stale/mariadb-10.4.24.json,mariadb:10.4.24,aged-stale,WARN,BLOCK,189.0,483.0,18.0,238.0,119.0,10.0,75.0,105.0,"18 critical CVEs and 238 high CVEs, with max_cvss 10.0, indicate severe risk. The density ratio of top25_cwe_count (105) to total_dependency_count (189) is 0.55, meaning over half of the components contain a known weaponized weakness. This, combined with 75 unique CWE types, points to systemic, broad compromise across the image.",high
data/scans/aged-stale/redis-5.0.14.json,redis:5.0.14,aged-stale,WARN,BLOCK,102.0,251.0,14.0,168.0,116.0,10.0,84.0,71.0,"14 critical CVEs and 168 high CVEs, combined with 71 Top 25 CWE matches across 102 components, indicate a density of 0.696 weaponized weaknesses per component. This represents a broad, systemic compromise with multiple independent exploitable entry points, requiring immediate remediation.",high
data/scans/aged-stale/redis-6.0.9.json,redis:6.0.9,aged-stale,WARN,BLOCK,89.0,223.0,20.0,163.0,122.0,10.0,70.0,79.0,"20 critical CVEs and 163 high-severity findings, with a max_cvss of 10.0, indicate severe risk. The density ratio of top25_cwe_count (79) to total_dependency_count (89) is 0.89, approaching 1.0, signifying systemic compromise. With 70 unique CWE types, the image has widespread, independently exploitable weaknesses.",high
data/scans/aged-stale/redis-6.2.5.json,redis:6.2.5,aged-stale,WARN,BLOCK,89.0,207.0,16.0,150.0,113.0,10.0,68.0,68.0,"16 critical CVEs and 150 high CVEs, with a max_cvss of 10.0, indicate severe risk. The density of 68 Top 25 CWE matches across 89 dependencies (a ratio of 0.76) signifies widespread, systemic compromise, with nearly every component carrying a known weaponized weakness. This image presents multiple independent, immediately exploitable entry points.",high
data/scans/aged-stale/mongo-4.0.28.json,mongo:4.0.28,aged-stale,WARN,WARN,143.0,107.0,7.0,92.0,64.0,10.0,29.0,28.0,"7 critical CVEs and 92 high CVEs indicate significant actionable risk. However, across 143 components, the top25_cwe_count (28) results in a density ratio of ~0.20, well below the systemic compromise threshold. This suggests risk is concentrated in a subset of packages, making it an urgent but structured engineering task, not an emergency.",high
data/scans/aged-stale/mongo-4.2.10.json,mongo:4.2.10,aged-stale,WARN,BLOCK,147.0,245.0,21.0,190.0,150.0,10.0,72.0,94.0,"21 critical CVEs and 190 high CVEs, with 150 vulnerabilities scoring CVSS >= 7.0, indicate severe risk. The density ratio of 0.64 (94 Top 25 CWEs across 147 components) and 72 unique CWE types demonstrate widespread, systemic compromise with multiple independent exploitable paths across the image.",high
data/scans/aged-stale/mongo-4.4.5.json,mongo:4.4.5,aged-stale,WARN,WARN,304.0,223.0,22.0,172.0,134.0,10.0,70.0,86.0,"22 critical CVEs and 172 high CVEs, with max_cvss 10.0, represent a significant remediation backlog. However, across 304 components, the top25_cwe_count (86) yields a density ratio of ~0.28, which is below the systemic compromise threshold. This indicates concentrated risk in a subset of packages, making it an urgent but structured engineering task, not an emergency.",high
data/scans/aged-stale/tomcat-8.5.60.json,tomcat:8.5.60,aged-stale,WARN,BLOCK,212.0,300.0,52.0,210.0,182.0,10.0,107.0,122.0,"52 critical CVEs and 210 high CVEs, with a max_cvss of 10.0, indicate severe compromise. The top25_cwe_count (122) is high relative to total_dependency_count (212), with a density ratio of 0.57, and 107 unique CWEs, suggesting multiple independent, exploitable entry points across the image.",high
data/scans/aged-stale/tomcat-9.0.40.json,tomcat:9.0.40,aged-stale,WARN,BLOCK,215.0,305.0,51.0,215.0,185.0,10.0,109.0,123.0,"51 critical CVEs and 215 high CVEs, with max_cvss 10.0, indicate severe risk. The density of 123 Top 25 CWE matches across 215 components (0.57 ratio) and 109 unique CWEs points to systemic compromise, not isolated issues. This image has multiple independent, broadly distributed exploitable entry points.",high
data/scans/aged-stale/httpd-2.4.41.json,httpd:2.4.41,aged-stale,WARN,BLOCK,121.0,1406.0,39.0,1067.0,573.0,10.0,135.0,698.0,"39 critical CVEs and 1067 high CVEs, combined with a top25_cwe_count of 698 across only 121 dependencies, indicate systemic compromise. The density ratio of 5.76 (698/121) means multiple weaponized weaknesses per component, signifying pervasive, immediately exploitable risk.",high
data/scans/aged-stale/httpd-2.4.46.json,httpd:2.4.46,aged-stale,WARN,BLOCK,111.0,188.0,32.0,117.0,103.0,10.0,73.0,82.0,"32 critical CVEs and 117 high CVEs, with a max_cvss of 10.0, indicate severe risk. The top25_cwe_count (82) across 111 dependencies results in a density ratio of ~0.74, showing systemic compromise with nearly every component carrying a known weaponized weakness. This image has multiple independent, trivially exploitable entry points.",high
data/scans/aged-stale/wordpress-5.4.2.json,wordpress:5.4.2,aged-stale,WARN,BLOCK,223.0,1674.0,68.0,1167.0,669.0,10.0,148.0,871.0,"68 critical CVEs and 1167 high CVEs, combined with 871 Top 25 CWE matches across 223 dependencies, result in a density ratio of 3.9. This indicates systemic compromise with multiple independent, weaponized weaknesses per component, requiring immediate blocking and emergency remediation.",high
data/scans/aged-stale/wordpress-5.7.2.json,wordpress:5.7.2,aged-stale,WARN,BLOCK,224.0,1343.0,51.0,930.0,521.0,10.0,137.0,686.0,"51 critical CVEs and 930 high CVEs, combined with 686 Top 25 CWE matches across 224 components, result in a density ratio of 3.06. This indicates systemic compromise with multiple independent, weaponized weaknesses per component, requiring immediate blocking and emergency remediation.",high
data/scans/aged-stale/ghost-3.42.5.json,ghost:3.42.5,aged-stale,WARN,WARN,2313.0,353.0,37.0,247.0,213.0,10.0,93.0,121.0,"37 critical CVEs and 247 high CVEs are present across 2313 components. However, the top25_cwe_count (121) results in a density ratio of 0.05 per component, well below the systemic threshold. This indicates a significant remediation backlog concentrated in a subset of packages, not a broad, immediately exploitable systemic compromise, warranting a WARN.",high
data/scans/aged-stale/caddy-2.3.0.json,caddy:2.3.0,aged-stale,WARN,BLOCK,102.0,151.0,17.0,128.0,99.0,10.0,46.0,53.0,"17 critical CVEs and 53 Top 25 CWE matches across 102 components, yielding a density ratio of 0.519. This indicates a widespread presence of weaponized weaknesses and multiple independent exploitable entry points, requiring immediate emergency remediation rather than routine fixes.",high
data/scans/aged-stale/haproxy-2.2.14.json,haproxy:2.2.14,aged-stale,WARN,BLOCK,89.0,108.0,12.0,65.0,55.0,10.0,51.0,47.0,"12 critical CVEs and 65 high CVEs, with 47 Top 25 CWE matches across 89 components, result in a density of 0.53. This indicates a systemic compromise where multiple independent, well-known exploitable entry points are spread broadly across the image's attack surface, requiring immediate intervention.",high
data/scans/aged-stale/vault-1.7.3.json,vault:1.7.3,aged-stale,WARN,BLOCK,22.0,116.0,10.0,104.0,77.0,10.0,35.0,41.0,"10 critical CVEs and 104 high CVEs in only 22 dependencies is an extreme concentration of risk. The top25_cwe_count (41) is nearly double the total_dependency_count (22), yielding a density ratio of 1.86, indicating systemic compromise with multiple weaponized weaknesses per component.",high
data/scans/aged-stale/python-2.7.18.json,python:2.7.18,aged-stale,WARN,BLOCK,449.0,1939.0,71.0,1373.0,800.0,10.0,159.0,978.0,"71 critical CVEs and 1373 high CVEs, combined with a top25_cwe_count of 978 across 449 dependencies, indicate systemic compromise. The density ratio of 2.178 (top25_cwe_count / total_dependency_count) far exceeds the BLOCK threshold, showing multiple weaponized weaknesses per component. This image has widespread, immediately exploitable risk.",high
data/scans/aged-stale/python-2.7.18-slim.json,python:2.7.18-slim,aged-stale,WARN,BLOCK,98.0,153.0,14.0,95.0,79.0,10.0,59.0,73.0,"14 critical CVEs and 95 high CVEs, with a max_cvss of 10.0, indicate severe risk. The density ratio of top25_cwe_count (73) to total_dependency_count (98) is 0.74, showing widespread weaponized weaknesses. With 59 unique CWE types, this image presents systemic compromise with multiple independent, exploitable entry points.",high
data/scans/aged-stale/python-3.4.10.json,python:3.4.10,aged-stale,WARN,BLOCK,431.0,1176.0,85.0,843.0,600.0,10.0,111.0,626.0,"85 critical CVEs and 626 Top 25 CWE matches across 431 components, resulting in a density ratio of 1.45. This indicates more than one weaponized weakness per component on average, signifying systemic compromise with multiple independent, exploitable entry points across the attack surface.",high
data/scans/aged-stale/python-3.5.10.json,python:3.5.10,aged-stale,WARN,BLOCK,434.0,1803.0,67.0,1262.0,739.0,10.0,157.0,913.0,"67 critical CVEs and 1262 high CVEs, combined with a top25_cwe_count of 913 across 434 dependencies, result in a density ratio of over 2.1 weaponized weaknesses per component. This indicates systemic, broad compromise with multiple independent exploitable entry points, requiring immediate blocking.",high
data/scans/aged-stale/python-3.6.15-slim.json,python:3.6.15-slim,aged-stale,WARN,BLOCK,109.0,234.0,36.0,135.0,100.0,10.0,87.0,80.0,"36 critical CVEs and 135 high CVEs, with max_cvss 10.0, indicate severe risk. The density ratio of top25_cwe_count (80) to total_dependency_count (109) is 0.73, meaning nearly three-quarters of components contain a known weaponized weakness. This represents systemic compromise with multiple independent exploitable entry points.",high
data/scans/aged-stale/python-3.8.19.json,python:3.8.19,aged-stale,WARN,BLOCK,433.0,3809.0,53.0,2820.0,1062.0,10.0,148.0,1377.0,"53 critical CVEs and 2820 high CVEs, combined with 1377 Top 25 CWE matches across 433 components, result in a density ratio of 3.18. This indicates systemic compromise with multiple independent, weaponized weaknesses per component, requiring immediate blocking.",high
data/scans/aged-stale/python-3.9.18.json,python:3.9.18,aged-stale,WARN,BLOCK,433.0,4891.0,63.0,3620.0,1334.0,10.0,161.0,1792.0,"With 63 critical CVEs and 3620 high CVEs, this image presents severe risk. The top25_cwe_count (1792) is over 4 times the total_dependency_count (433), indicating systemic compromise with multiple weaponized weaknesses per component. This is not isolated risk but a broadly compromised attack surface requiring immediate blocking.",high
data/scans/aged-stale/python-3.10.14.json,python:3.10.14,aged-stale,WARN,BLOCK,433.0,3808.0,53.0,2819.0,1061.0,10.0,148.0,1377.0,"53 critical CVEs and 1377 Top 25 CWE matches across 433 components result in a density ratio of 3.18, indicating multiple weaponized weaknesses per component. This is systemic compromise with numerous independent, exploitable entry points, requiring immediate blocking and emergency remediation.",high
data/scans/aged-stale/node-4.9.1.json,node:4.9.1,aged-stale,WARN,BLOCK,593.0,941.0,86.0,651.0,520.0,10.0,106.0,496.0,"86 critical CVEs and 496 Top 25 CWE matches across 593 components, resulting in a density ratio of 0.84. This indicates systemic compromise with nearly every component carrying a known weaponized weakness, presenting multiple independent and trivially exploitable entry points.",high
data/scans/aged-stale/node-6.17.1.json,node:6.17.1,aged-stale,WARN,BLOCK,681.0,1176.0,84.0,833.0,603.0,10.0,118.0,600.0,"84 critical CVEs and 600 Top 25 CWE matches across 681 components, resulting in a density ratio of 0.88. This indicates systemic compromise with nearly one weaponized weakness per component on average, alongside 118 unique CWE types, signifying multiple independent, exploitable entry points.",high
data/scans/aged-stale/node-8.17.0.json,node:8.17.0,aged-stale,WARN,BLOCK,845.0,1050.0,74.0,741.0,543.0,10.0,111.0,537.0,"74 critical CVEs and 741 high CVEs, with a max_cvss of 10.0, indicate severe and widespread compromise. The density of Top 25 CWEs (537 across 845 dependencies, a ratio of 0.64) is very high, suggesting multiple independent, weaponized weaknesses are present across the image. This is systemic risk requiring immediate intervention.",high
data/scans/aged-stale/node-9.11.2.json,node:9.11.2,aged-stale,WARN,BLOCK,860.0,902.0,88.0,625.0,496.0,10.0,104.0,464.0,"88 critical CVEs and 625 high CVEs, with 496 vulnerabilities rated CVSS >= 7.0, indicate severe and widespread risk. The top25_cwe_count (464) divided by total_dependency_count (860) yields a density of 0.54, meaning over half of the components carry known weaponized weaknesses. This is systemic compromise, not isolated findings.",high
data/scans/aged-stale/node-11.15.0.json,node:11.15.0,aged-stale,WARN,BLOCK,841.0,1154.0,80.0,813.0,590.0,10.0,115.0,590.0,"80 critical CVEs and 590 Top 25 CWE matches across 841 components result in a density ratio of ~0.70. This indicates widespread, systemic compromise where a significant portion of the image carries known weaponized weaknesses, not isolated findings. Deployment must be blocked due to multiple independent, trivially exploitable entry points.",high
data/scans/aged-stale/node-13.14.0.json,node:13.14.0,aged-stale,WARN,BLOCK,850.0,949.0,64.0,661.0,499.0,10.0,109.0,478.0,"64 critical CVEs and 661 high CVEs, with max_cvss 10.0, indicate severe risk. The density ratio of top25_cwe_count (478) to total_dependency_count (850) is 0.56, meaning over half of components carry a known weaponized weakness. This, combined with 109 unique CWE types, points to systemic compromise with multiple independent, exploitable entry points.",high
data/scans/aged-stale/node-17.9.1.json,node:17.9.1,aged-stale,WARN,BLOCK,614.0,6645.0,84.0,4305.0,1857.0,10.0,196.0,2454.0,"84 critical CVEs and 4305 high CVEs, combined with a top25_cwe_count of 2454 across 614 dependencies, result in a density ratio of 4.0. This indicates systemic compromise with multiple independent, weaponized weaknesses per component, requiring immediate emergency remediation.",high
data/scans/aged-stale/golang-1.13.15.json,golang:1.13.15,aged-stale,WARN,BLOCK,238.0,1489.0,57.0,1131.0,637.0,10.0,147.0,700.0,"57 critical CVEs and 1131 high CVEs, with a max_cvss of 10.0, indicate severe risk. The top25_cwe_count (700) is nearly three times the total_dependency_count (238), signifying a density ratio of ~2.94. This pattern of multiple weaponized weaknesses per component, across 147 unique CWE types, points to systemic, widespread compromise that must not be deployed.",high
data/scans/aged-stale/golang-1.14.15.json,golang:1.14.15,aged-stale,WARN,BLOCK,238.0,1370.0,57.0,1036.0,579.0,10.0,145.0,636.0,"57 critical CVEs and 1036 high CVEs, combined with 636 Top 25 CWE matches across 238 components, result in a density ratio of 2.67. This indicates systemic compromise with multiple independent, weaponized weaknesses per component, requiring immediate emergency remediation.",high
data/scans/aged-stale/golang-1.18.10.json,golang:1.18.10,aged-stale,WARN,BLOCK,242.0,5318.0,54.0,3631.0,1423.0,10.0,167.0,1848.0,"54 critical CVEs and 3631 high CVEs, with a max_cvss of 10.0, indicate severe risk. The top25_cwe_count (1848) significantly exceeds the total_dependency_count (242), resulting in a density ratio of 7.63. This indicates systemic compromise with multiple independent, weaponized weaknesses across the attack surface, requiring immediate blocking.",high
data/scans/aged-stale/golang-1.19.13.json,golang:1.19.13,aged-stale,WARN,BLOCK,245.0,5405.0,48.0,3995.0,1448.0,10.0,155.0,1948.0,"With 48 critical CVEs and a max_cvss of 10.0, the image presents severe risk. The density ratio of top25_cwe_count (1948) to total_dependency_count (245) is 7.95, indicating nearly 8 weaponized weaknesses per component. This, combined with 155 unique CWE types, signifies systemic, broad compromise with multiple independent exploitable paths.",high
data/scans/aged-stale/golang-1.20.14.json,golang:1.20.14,aged-stale,WARN,BLOCK,247.0,4734.0,43.0,3553.0,1253.0,10.0,145.0,1678.0,"43 critical CVEs and 1678 Top 25 CWE matches across 247 components, yielding a density ratio of 6.79. This signifies systemic compromise with multiple independent, weaponized weaknesses per component, demanding immediate emergency remediation.",high
data/scans/aged-stale/rust-1.45.2.json,rust:1.45.2,aged-stale,WARN,BLOCK,414.0,1790.0,66.0,1250.0,728.0,10.0,157.0,906.0,"66 critical CVEs and 906 Top 25 CWE matches across 414 components result in a density ratio of 2.19, indicating more than two weaponized weaknesses per component. This, combined with 157 unique CWE types and 1250 high CVEs, signifies systemic compromise with multiple independent, exploitable entry points across the attack surface.",high
data/scans/aged-stale/rust-1.48.0.json,rust:1.48.0,aged-stale,WARN,BLOCK,414.0,1666.0,63.0,1163.0,674.0,10.0,154.0,839.0,"63 critical CVEs and 1163 high CVEs, with a max_cvss of 10.0, indicate severe risk. The top25_cwe_count of 839 across 414 dependencies yields a density ratio over 2.0, signifying systemic compromise with multiple weaponized weaknesses per component. This image has widespread, immediately exploitable vulnerabilities.",high
data/scans/aged-stale/rust-1.60.0.json,rust:1.60.0,aged-stale,WARN,BLOCK,410.0,6632.0,85.0,4295.0,1849.0,10.0,192.0,2449.0,"The density ratio of top25_cwe_count (2449) to total_dependency_count (410) is nearly 6.0, indicating pervasive systemic compromise. With 85 critical CVEs and 192 unique CWE types, this image has multiple independent, broadly distributed, and trivially exploitable entry points across its attack surface.",high
data/scans/aged-stale/rust-1.65.0.json,rust:1.65.0,aged-stale,WARN,BLOCK,410.0,6007.0,74.0,3994.0,1671.0,10.0,184.0,2215.0,"74 critical CVEs and 3994 high CVEs, with a max_cvss of 10.0, indicate severe risk. The top25_cwe_count (2215) is over 5 times the total_dependency_count (410), signifying systemic compromise with multiple weaponized weaknesses per component. This image has widespread, independently exploitable entry points.",high
data/scans/aged-stale/ruby-2.2.10.json,ruby:2.2.10,aged-stale,WARN,BLOCK,392.0,892.0,81.0,622.0,492.0,10.0,95.0,484.0,"81 critical CVEs and 484 Top 25 CWE matches across 392 components, resulting in a density ratio of 1.23 Top 25 CWEs per component. This indicates systemic compromise with multiple independent, weaponized weaknesses spread broadly across the image, requiring immediate blocking and emergency remediation.",high
data/scans/aged-stale/ruby-2.3.8.json,ruby:2.3.8,aged-stale,WARN,BLOCK,425.0,1170.0,85.0,842.0,599.0,10.0,111.0,622.0,"85 critical CVEs and 842 high CVEs, with a max_cvss of 10.0, indicate severe risk. The top25_cwe_count (622) significantly exceeds the total_dependency_count (425), resulting in a density ratio of 1.46. This signifies systemic compromise with multiple independent, weaponized weaknesses per component, requiring immediate intervention.",high
data/scans/aged-stale/ruby-2.4.10.json,ruby:2.4.10,aged-stale,WARN,BLOCK,431.0,1937.0,73.0,1377.0,804.0,10.0,160.0,977.0,"73 critical CVEs and 1377 high CVEs, combined with a top25_cwe_count of 977 across 431 dependencies, result in a density ratio of 2.26. This indicates more than two known weaponized weaknesses per component on average, signifying systemic compromise with multiple independent, exploitable entry points.",high
data/scans/aged-stale/php-5.6.40.json,php:5.6.40,aged-stale,WARN,BLOCK,156.0,786.0,38.0,608.0,395.0,10.0,95.0,433.0,"38 critical CVEs and 608 high CVEs, combined with 433 Top 25 CWE matches across 156 components, indicate severe systemic compromise. The density ratio of 2.77 Top 25 CWEs per component is far above the BLOCK threshold, signifying multiple independent, weaponized weaknesses spread broadly across the image.",high
data/scans/aged-stale/php-5.6.40-fpm.json,php:5.6.40-fpm,aged-stale,WARN,BLOCK,156.0,786.0,38.0,608.0,395.0,10.0,95.0,433.0,"38 critical CVEs and 608 high CVEs, with a max_cvss of 10.0, indicate severe risk. The density of 433 Top 25 CWE matches across 156 components (2.77 per component) signifies systemic compromise, with multiple independent, weaponized weaknesses spread broadly across the attack surface. This image must not be deployed.",high
data/scans/aged-stale/php-7.0.33.json,php:7.0.33,aged-stale,WARN,BLOCK,156.0,792.0,38.0,612.0,398.0,10.0,95.0,436.0,"38 critical CVEs and 612 high CVEs, with a max_cvss of 10.0, indicate severe risk. The density ratio of top25_cwe_count (436) to total_dependency_count (156) is 2.79, far exceeding the systemic compromise threshold of 1.0. This signifies multiple independent, weaponized weaknesses per component, requiring immediate blocking.",high
data/scans/aged-stale/php-7.0.33-fpm.json,php:7.0.33-fpm,aged-stale,WARN,BLOCK,156.0,792.0,38.0,612.0,398.0,10.0,95.0,436.0,"38 critical CVEs and 612 high CVEs, with max_cvss 10.0, indicate severe risk. The density of 436 Top 25 CWE matches across 156 components (ratio 2.79) is well above the systemic threshold of 1.0, signifying widespread, independent exploitable entry points across the image.",high
data/scans/aged-stale/php-7.1.33.json,php:7.1.33,aged-stale,WARN,BLOCK,158.0,1510.0,35.0,1137.0,610.0,10.0,137.0,757.0,"35 critical CVEs and 1137 high CVEs, combined with a top25_cwe_count of 757 across 158 dependencies, result in a density ratio of 4.79. This indicates systemic compromise with multiple independent, weaponized weaknesses per component, requiring immediate blocking and emergency remediation.",high
data/scans/aged-stale/php-8.0.30.json,php:8.0.30,aged-stale,WARN,BLOCK,169.0,4117.0,41.0,2889.0,1093.0,10.0,136.0,1474.0,"41 critical CVEs and 2889 high CVEs, with a max_cvss of 10.0, indicate severe risk. The density ratio of top25_cwe_count (1474) to total_dependency_count (169) is 8.72, far exceeding the 1.0 threshold for systemic compromise. This image has multiple independent, weaponized weaknesses per component, signifying widespread and critical compromise.",high
data/scans/aged-stale/openjdk-8u332-jre-slim.json,openjdk:8u332-jre-slim,aged-stale,WARN,BLOCK,101.0,170.0,12.0,89.0,59.0,10.0,74.0,59.0,"12 critical CVEs and 89 high CVEs, combined with 59 Top 25 CWE matches across 101 components (a density of 0.58), indicate pervasive, weaponized weaknesses. The 74 unique CWEs further confirm a broad and systemic compromise, making this image immediately exploitable at scale.",high
data/scans/aged-stale/openjdk-11.0.11-jre-slim.json,openjdk:11.0.11-jre-slim,aged-stale,WARN,BLOCK,91.0,103.0,10.0,61.0,51.0,10.0,50.0,43.0,"10 critical CVEs and 61 high CVEs, including 51 CVSS >= 7.0, indicate severe risk. The density of Top 25 CWEs is 0.47 (43 matches across 91 components), meaning nearly half of the dependencies carry a known weaponized weakness. This broad and deep compromise across a relatively small image necessitates immediate remediation.",high
data/scans/aged-stale/tomcat-6.0.53-jre8.json,tomcat:6.0.53-jre8,aged-stale,WARN,BLOCK,180.0,472.0,99.0,321.0,228.0,10.0,77.0,158.0,"99 critical CVEs and 158 Top 25 CWE matches across 180 components (a density ratio of 0.877) indicate systemic compromise. This image has multiple independent, trivially exploitable entry points spread across a broad attack surface, requiring immediate blocking.",high
data/scans/aged-stale/tomcat-9.0.89-jre11.json,tomcat:9.0.89-jre11,aged-stale,WARN,WARN,164.0,139.0,15.0,91.0,62.0,9.8,75.0,48.0,"15 critical CVEs and 91 high CVEs, with a max_cvss of 9.8, indicate a substantial remediation backlog. However, the top25_cwe_count (48) divided by total_dependency_count (164) yields a density of ~0.29, which is below the 0.3 threshold for systemic compromise. This suggests risk is concentrated in a subset of packages, making it an urgent but structured engineering task rather than an emergency.",high
data/scans/aged-stale/ubuntu-14.04.json,ubuntu:14.04,aged-stale,WARN,ALLOW,214.0,0.0,0.0,0.0,0.0,0.0,0.0,0.0,"No vulnerabilities of any severity (critical_cve_count: 0, high_cve_count: 0, vuln_total: 0) were detected across 214 components. The image presents no security risk and is deployment-ready.",high
data/scans/aged-stale/debian-jessie.json,debian:jessie,aged-stale,WARN,WARN,112.0,26.0,2.0,10.0,11.0,9.8,17.0,7.0,"Two critical CVEs and ten high CVEs, with max_cvss 9.8, indicate actionable risk. However, the top25_cwe_count (7) across 112 components results in a density of 0.0625, well below the systemic threshold. This suggests isolated, prioritized remediation targets rather than broad compromise, fitting a sprint-cycle fix.",high
data/scans/aged-stale/debian-wheezy.json,debian:wheezy,aged-stale,WARN,WARN,81.0,55.0,11.0,32.0,29.0,9.8,22.0,21.0,"11 critical CVEs and 32 high CVEs with max_cvss 9.8 indicate significant risk. However, the top25_cwe_count (21) across 81 dependencies results in a density ratio of 0.26, which is below the systemic compromise threshold. This suggests concentrated, not widespread, exploitable weaknesses, making it an urgent but manageable remediation task.",high
data/scans/aged-stale/alpine-3.10.json,alpine:3.10,aged-stale,WARN,WARN,15.0,1.0,1.0,1.0,1.0,9.1,1.0,1.0,"One critical CVE with max_cvss 9.1 is a serious finding, but the breadth indicators are extremely low — only 1 unique CWE type and 1 Top 25 match across 15 components. This indicates an isolated exploitable dependency, not a systemic compromise; remediation is urgent but not emergency-level.",high
data/scans/aged-stale/alpine-3.11.json,alpine:3.11,aged-stale,WARN,WARN,15.0,1.0,1.0,1.0,1.0,9.8,2.0,1.0,"One critical CVE with max_cvss 9.8 is a serious, prioritized finding. However, across only 15 components, the breadth indicators are extremely low (2 unique CWE types, 1 Top 25 match), indicating an isolated exploitable dependency rather than systemic compromise. Remediation is urgent but not emergency-level.",high
data/scans/aged-stale/alpine-3.15.json,alpine:3.15,aged-stale,WARN,ALLOW,15.0,0.0,0.0,0.0,0.0,0.0,0.0,0.0,"No vulnerabilities of any severity (critical_cve_count: 0, high_cve_count: 0, vuln_total: 0) and no CWEs detected across all 15 components. This image is completely clean and meets all security standards.",high
data/scans/aged-stale/centos-7.json,centos:7,aged-stale,WARN,BLOCK,149.0,975.0,81.0,553.0,480.0,10.0,135.0,492.0,"81 critical CVEs with max_cvss 10.0 and 492 Top 25 CWE matches across 149 components, yielding a density ratio of 3.30. This signifies systemic compromise with multiple independent, weaponized weaknesses per component, demanding immediate emergency remediation.",high
data/scans/aged-stale/centos-6.json,centos:6,aged-stale,WARN,BLOCK,130.0,1065.0,91.0,586.0,508.0,10.0,143.0,523.0,"91 critical CVEs and 586 high CVEs, with a max_cvss of 10.0, indicate severe risk. The top25_cwe_count (523) divided by total_dependency_count (130) yields a density ratio of 4.02, far exceeding the systemic threshold of 1.0. This signifies widespread, systemic compromise with multiple independent exploitable entry points across the image.",high
data/scans/aged-stale/fedora-28.json,fedora:28,aged-stale,WARN,ALLOW,0.0,0.0,0.0,0.0,0.0,0.0,0.0,0.0,"No vulnerabilities of any severity (critical_cve_count: 0, high_cve_count: 0, vuln_total: 0) and no CWEs detected. The image presents no security risk.",high
data/scans/aged-stale/fedora-29.json,fedora:29,aged-stale,WARN,ALLOW,0.0,0.0,0.0,0.0,0.0,0.0,0.0,0.0,"No vulnerabilities of any severity (critical, high, or otherwise) were detected, and no dependencies were reported. The image presents no security risk based on the provided scan data.",high
data/scans/aged-stale/nginx-1.12.2.json,nginx:1.12.2,aged-stale,WARN,BLOCK,109.0,203.0,47.0,140.0,131.0,10.0,54.0,103.0,"47 critical CVEs and 140 high CVEs, with a max_cvss of 10.0, indicate severe risk. The density ratio of top25_cwe_count (103) to total_dependency_count (109) is 0.94, signifying systemic compromise with nearly one weaponized weakness per component. This image has multiple independent, exploitable entry points.",high
data/scans/aged-stale/nginx-1.14.0.json,nginx:1.14.0,aged-stale,WARN,BLOCK,109.0,200.0,47.0,138.0,129.0,10.0,53.0,103.0,"47 critical CVEs and 103 Top 25 CWE matches across 109 components result in a density ratio of ~0.945. This indicates nearly every component carries a known weaponized weakness, representing systemic compromise with multiple independent, trivially exploitable entry points.",high
data/scans/aged-stale/nginx-1.15.0.json,nginx:1.15.0,aged-stale,WARN,BLOCK,109.0,200.0,47.0,138.0,129.0,10.0,53.0,103.0,"47 critical CVEs and 103 Top 25 CWE matches across 109 components, resulting in a density ratio of 0.945. This indicates systemic compromise with multiple independent, weaponized weaknesses spread across nearly every component, requiring immediate emergency remediation.",high
data/scans/aged-stale/nginx-1.16.1.json,nginx:1.16.1,aged-stale,WARN,BLOCK,119.0,274.0,44.0,184.0,137.0,10.0,70.0,154.0,"44 critical CVEs and 184 high CVEs, with a max_cvss of 10.0, indicate severe risk. The top25_cwe_count (154) exceeds the total_dependency_count (119), resulting in a density ratio of 1.29. This signifies systemic compromise with multiple independent, weaponized weaknesses spread across the image, requiring immediate blocking.",high
data/scans/aged-stale/nginx-1.17.0.json,nginx:1.17.0,aged-stale,WARN,BLOCK,109.0,153.0,36.0,103.0,97.0,10.0,43.0,80.0,"36 critical CVEs and 103 high CVEs, with max_cvss 10.0, indicate severe risk. The density of 80 Top 25 CWE matches across 109 components (~0.73 ratio) signifies widespread, weaponized weaknesses, not isolated findings. This image presents systemic compromise with multiple independent exploitable entry points.",high
data/scans/aged-stale/httpd-2.2.34.json,httpd:2.2.34,aged-stale,WARN,BLOCK,132.0,427.0,26.0,335.0,205.0,10.0,68.0,241.0,"26 critical CVEs and 335 high CVEs, with max_cvss 10.0, indicate severe risk. The density ratio of top25_cwe_count (241) to total_dependency_count (132) is 1.82, far exceeding 1.0, signifying systemic compromise with nearly two weaponized weaknesses per component. This image has multiple independent, broadly exploitable entry points.",high
data/scans/aged-stale/httpd-2.4.35.json,httpd:2.4.35,aged-stale,WARN,BLOCK,110.0,682.0,44.0,550.0,334.0,10.0,90.0,364.0,"44 critical CVEs and 550 high CVEs, with max_cvss 10.0, indicate severe risk. The top25_cwe_count (364) is over three times the total_dependency_count (110), meaning multiple weaponized weaknesses per component. This represents systemic, widespread compromise with numerous independent exploitable entry points.",high
data/scans/aged-stale/httpd-2.4.38.json,httpd:2.4.38,aged-stale,WARN,BLOCK,110.0,624.0,36.0,506.0,299.0,10.0,85.0,336.0,"36 critical CVEs and 506 high CVEs, combined with 336 Top 25 CWE matches across only 110 components, indicate severe systemic compromise. The density ratio of 3.05 (top25_cwe_count / total_dependency_count) is significantly above the 1.0 threshold, meaning multiple weaponized weaknesses per component. This image has widespread, immediately exploitable vulnerabilities.",high
data/scans/aged-stale/postgres-13.16.json,postgres:13.16,aged-stale,WARN,BLOCK,150.0,238.0,18.0,144.0,96.0,10.0,80.0,74.0,"18 critical CVEs and 144 high CVEs, with a density ratio of 0.493 (74 Top 25 CWEs across 150 components), indicate systemic compromise. The high unique CWE count (80) confirms a broad attack surface with multiple independent, exploitable entry points, requiring immediate intervention.",high
data/scans/aged-stale/postgres-14.13.json,postgres:14.13,aged-stale,WARN,BLOCK,150.0,238.0,18.0,144.0,96.0,10.0,80.0,74.0,"18 critical CVEs and 144 high CVEs, combined with 74 Top 25 CWE matches across 150 components (a density of 0.49), indicate widespread, systemic compromise. The 80 unique CWE types further confirm multiple independent exploitable paths, necessitating immediate blocking.",high
data/scans/aged-stale/mysql-5.5.62.json,mysql:5.5.62,aged-stale,WARN,WARN,106.0,99.0,7.0,63.0,62.0,9.8,38.0,42.0,"7 critical CVEs and max_cvss 9.8 indicate significant risk. With 42 Top 25 CWE matches across 106 components, the density ratio is 0.39, suggesting widespread but not systemic compromise. This represents a substantial remediation backlog that requires urgent attention within normal engineering cycles, not an emergency BLOCK.",high
data/scans/aged-stale/mariadb-10.1.48.json,mariadb:10.1.48,aged-stale,WARN,BLOCK,177.0,235.0,20.0,163.0,123.0,10.0,58.0,71.0,"20 critical CVEs and 163 high CVEs, combined with 71 Top 25 CWE matches across 177 components, indicate a broad and systemic compromise. The density ratio of 0.40 (71/177) suggests multiple independent, weaponized weaknesses are spread across the image, requiring immediate intervention.",high
data/scans/aged-stale/mariadb-10.2.44.json,mariadb:10.2.44,aged-stale,WARN,WARN,182.0,157.0,13.0,128.0,97.0,10.0,49.0,44.0,"13 critical CVEs and 128 high CVEs, with max_cvss 10.0, indicate a significant remediation backlog. However, the top25_cwe_count (44) across 182 components yields a density ratio of 0.24, which is below the systemic compromise threshold. Risk is concentrated, not broadly spread, making this an urgent but structured engineering task.",high
data/scans/aged-stale/mongo-2.6.12.json,mongo:2.6.12,aged-stale,WARN,BLOCK,93.0,94.0,16.0,53.0,49.0,9.8,33.0,33.0,"16 critical CVEs and 53 high CVEs, with max_cvss 9.8, indicate severe risk. The density of Top 25 CWEs (33 across 93 components, or 0.35) is above the concentration threshold, suggesting multiple independent exploitable entry points spread across the attack surface. This is a systemic compromise requiring immediate remediation.",high
data/scans/aged-stale/mongo-3.4.24.json,mongo:3.4.24,aged-stale,WARN,WARN,109.0,34.0,6.0,21.0,20.0,9.8,20.0,16.0,"6 critical CVEs and 21 high CVEs with max_cvss 9.8 indicate significant actionable risk. However, the density of Top 25 CWEs (16 across 109 components, ratio ~0.146) is well below the 0.3 threshold, suggesting concentrated issues rather than systemic compromise. This requires urgent remediation within normal engineering cycles.",high
data/scans/aged-stale/redis-3.2.12.json,redis:3.2.12,aged-stale,WARN,BLOCK,77.0,77.0,13.0,47.0,46.0,9.8,36.0,36.0,"13 critical CVEs and 47 high CVEs, with 46 CVSS >= 7.0, indicate severe risk. The density of Top 25 CWEs (36 across 77 components, a ratio of ~0.47) is significantly elevated, suggesting nearly half of the dependencies carry known weaponized weaknesses. This pattern of widespread, severe, and exploitable vulnerabilities across a substantial portion of the image's components constitutes systemic compromise, requiring immediate intervention.",high
data/scans/aged-stale/redis-4.0.14.json,redis:4.0.14,aged-stale,WARN,BLOCK,88.0,214.0,19.0,154.0,119.0,10.0,62.0,76.0,"19 critical CVEs and 76 Top 25 CWE matches across only 88 components result in a density ratio of 0.86, indicating nearly every component carries a known weaponized weakness. This represents systemic compromise with multiple independent, exploitable entry points.",high
data/scans/aged-stale/cassandra-2.2.19.json,cassandra:2.2.19,aged-stale,WARN,BLOCK,201.0,337.0,47.0,238.0,186.0,10.0,96.0,124.0,"47 critical CVEs and 238 high CVEs, with max_cvss 10.0, indicate severe risk. The density of Top 25 CWEs is 0.62 (124 matches across 201 components), combined with 96 unique CWE types, signifies widespread, systemic compromise with multiple independent, exploitable entry points across the attack surface.",high
data/scans/aged-stale/rabbitmq-3.7.28.json,rabbitmq:3.7.28,aged-stale,WARN,WARN,93.0,61.0,8.0,43.0,36.0,9.8,32.0,32.0,"8 critical CVEs and 32 Top 25 CWE matches across 93 components represent a significant remediation backlog. The density ratio of Top 25 CWEs (32/93 = ~0.34) indicates substantial risk concentrated in a subset of packages, but not systemic compromise. This requires urgent, scheduled remediation, not an emergency BLOCK.",high
data/scans/aged-stale/rabbitmq-3.8.34.json,rabbitmq:3.8.34,aged-stale,WARN,WARN,95.0,39.0,4.0,24.0,18.0,9.8,27.0,17.0,"4 critical CVEs and 24 high CVEs with max_cvss 9.8 indicate significant actionable risk. However, across 95 components, the top25_cwe_count (17) results in a density ratio of ~0.18, well below the systemic threshold. This suggests concentrated, not widespread, compromise, making it an urgent but manageable remediation task.",high
data/scans/aged-stale/zookeeper-3.4.14.json,zookeeper:3.4.14,aged-stale,WARN,BLOCK,201.0,164.0,28.0,105.0,94.0,10.0,65.0,71.0,"28 critical CVEs and 105 high CVEs, with max_cvss 10.0, indicate severe and numerous vulnerabilities. The top25_cwe_count of 71 across 201 components results in a density of 0.35, meaning a significant portion of dependencies carry weaponized weaknesses. This pattern suggests widespread, systemic compromise requiring immediate intervention.",high
data/scans/aged-stale/zookeeper-3.5.10.json,zookeeper:3.5.10,aged-stale,WARN,BLOCK,177.0,208.0,14.0,116.0,80.0,9.8,84.0,83.0,"14 critical CVEs and 116 high CVEs are present. The density of Top 25 CWEs is 83 across 177 components (0.47 ratio), indicating widespread, well-known exploitable weaknesses. This pattern of high critical count and broad compromise across nearly half the dependencies warrants immediate blocking.",high
data/scans/aged-stale/nats-2.2.6.json,nats:2.2.6,aged-stale,WARN,BLOCK,2.0,106.0,7.0,90.0,63.0,10.0,29.0,28.0,"This image has 7 critical CVEs and 90 high CVEs, with a max_cvss of 10.0. Across only 2 dependencies, there are 28 Top 25 CWE matches, yielding a density ratio of 14.0. This indicates extreme systemic compromise, with multiple independent, weaponized weaknesses per component, making it immediately exploitable.",high
data/scans/aged-stale/elasticsearch-5.6.16.json,elasticsearch:5.6.16,aged-stale,WARN,BLOCK,335.0,461.0,52.0,275.0,218.0,10.0,85.0,180.0,"52 critical CVEs and 275 high CVEs, with a max_cvss of 10.0, indicate severe and widespread risk. The top25_cwe_count of 180 across 335 dependencies (a density ratio of 0.537) shows that over half of the components, on average, carry known weaponized weaknesses, signifying systemic compromise rather than isolated issues.",high
data/scans/aged-stale/elasticsearch-6.8.23.json,elasticsearch:6.8.23,aged-stale,WARN,BLOCK,294.0,1043.0,84.0,584.0,512.0,10.0,141.0,530.0,"84 critical CVEs and 584 high CVEs, combined with a max_cvss of 10.0, indicate severe risk. The density ratio of top25_cwe_count (530) to total_dependency_count (294) is 1.80, far exceeding the systemic compromise threshold of 1.0. This image has multiple independent, weaponized weaknesses spread broadly across its attack surface, requiring immediate intervention.",high
data/scans/aged-stale/kibana-5.6.16.json,kibana:5.6.16,aged-stale,WARN,WARN,1349.0,227.0,33.0,146.0,133.0,10.0,65.0,70.0,"33 critical CVEs and 146 high CVEs represent a significant remediation backlog. However, across 1349 dependencies, the top25_cwe_count (70) results in a density ratio of approximately 0.05, far below the systemic threshold. This indicates vulnerabilities are concentrated, not broadly spread, making it an urgent but structured engineering task.",high
data/scans/aged-stale/kibana-6.8.23.json,kibana:6.8.23,aged-stale,WARN,BLOCK,1807.0,1112.0,98.0,635.0,561.0,10.0,153.0,547.0,"98 critical CVEs and 547 Top 25 CWE matches across 1807 components, with 153 unique CWE types, indicate systemic compromise. The density ratio of top25_cwe_count (547) to total_dependency_count (1807) is ~0.30, which, combined with the extremely high absolute counts, points to multiple independent, weaponized exploitable entry points spread broadly across the image. This requires immediate emergency remediation.",high
data/scans/aged-stale/prom-prometheus-v2.20.0.json,prom/prometheus:v2.20.0,aged-stale,WARN,WARN,225.0,179.0,9.0,128.0,99.0,10.0,59.0,46.0,"9 critical CVEs and 128 high CVEs, with max_cvss 10.0, indicate significant actionable risk. However, across 225 components, the top25_cwe_count (46) results in a density ratio of ~0.20, which is below the systemic compromise threshold. This suggests concentrated risk requiring urgent, but not emergency, remediation.",high
data/scans/aged-stale/grafana-grafana-7.5.17.json,grafana/grafana:7.5.17,aged-stale,WARN,WARN,278.0,140.0,11.0,113.0,84.0,10.0,40.0,41.0,"11 critical CVEs and 113 high CVEs with max_cvss 10.0 indicate significant actionable risk. However, across 278 components, the top25_cwe_count (41) results in a density ratio of ~0.147, well below the systemic compromise threshold of 0.3. This suggests concentrated risk in a subset of packages, requiring urgent but structured remediation within normal engineering cycles.",high
data/scans/aged-stale/influxdb-1.8.10.json,influxdb:1.8.10,aged-stale,WARN,BLOCK,138.0,274.0,17.0,161.0,108.0,10.0,89.0,75.0,"17 critical CVEs and 161 high CVEs, with max_cvss 10.0, indicate severe risk. The density of top25_cwe_count (75) across 138 components is 0.54, meaning over half of components carry a known weaponized weakness. This, combined with 89 unique CWEs, points to systemic compromise with multiple independent exploitable paths, requiring immediate blocking.",high
data/scans/aged-stale/jenkins-jenkins-2.235.5-lts.json,jenkins/jenkins:2.235.5-lts,aged-stale,WARN,BLOCK,349.0,309.0,51.0,183.0,169.0,10.0,90.0,140.0,"51 critical CVEs and 183 high CVEs, with a max_cvss of 10.0, indicate severe and immediate risk. The presence of 140 Top 25 CWE matches and 90 unique CWE types across 349 components, with a density ratio of 0.40, signifies widespread, independently exploitable weaknesses across the attack surface, requiring immediate intervention.",high
data/scans/aged-stale/jenkins-jenkins-2.249.3-lts.json,jenkins/jenkins:2.249.3-lts,aged-stale,WARN,BLOCK,371.0,301.0,48.0,173.0,162.0,10.0,90.0,143.0,"48 critical CVEs and 143 Top 25 CWE matches across 371 components, with 90 unique CWE types, indicate a broad and systemic compromise. While the Top 25 CWE density is 0.38, the sheer volume of critical and weaponized weaknesses suggests multiple independent, exploitable entry points, requiring emergency remediation rather than a sprint-cycle fix.",high
data/scans/aged-stale/gitlab-gitlab-ce-11.11.8-ce.0.json,gitlab/gitlab-ce:11.11.8-ce.0,aged-stale,WARN,WARN,586.0,299.0,35.0,198.0,186.0,10.0,100.0,115.0,"35 critical CVEs and 115 Top 25 CWE matches are a significant remediation backlog. However, across 586 components, the top25_cwe_count density is approximately 0.196, which is below the systemic compromise threshold. This indicates concentrated risk in a subset of packages, making it an urgent but structured engineering task rather than an emergency BLOCK.",high
data/scans/aged-stale/gitlab-gitlab-ce-12.10.14-ce.0.json,gitlab/gitlab-ce:12.10.14-ce.0,aged-stale,WARN,WARN,1443.0,426.0,39.0,294.0,259.0,10.0,104.0,141.0,"39 critical CVEs and 294 high CVEs represent a substantial remediation backlog. However, across 1443 components, the density of Top 25 CWEs (141) is only ~0.0977 per component, well below the systemic threshold. This indicates concentrated risk in specific packages, not pervasive compromise, making it an urgent but structured engineering task.",high
data/scans/aged-stale/sonatype-nexus3-3.28.1.json,sonatype/nexus3:3.28.1,aged-stale,WARN,BLOCK,724.0,1160.0,84.0,694.0,517.0,10.0,158.0,620.0,"84 critical CVEs and 694 high CVEs, with max_cvss 10.0, indicate severe risk. The density ratio of top25_cwe_count (620) to total_dependency_count (724) is 0.86, meaning nearly every component carries a known weaponized weakness. This represents systemic compromise with multiple independent, exploitable entry points.",high
data/scans/aged-stale/sonarqube-7.9-community.json,sonarqube:7.9-community,aged-stale,WARN,BLOCK,547.0,334.0,51.0,225.0,206.0,10.0,105.0,167.0,"51 critical CVEs and 167 Top 25 CWE matches across 547 components, with 105 unique CWE types, indicate a deeply compromised image. Despite the density ratio being ~0.305, the sheer volume of critical and weaponized vulnerabilities represents multiple independent, immediately exploitable entry points, requiring emergency remediation.",high
data/scans/aged-stale/gitea-gitea-1.14.6.json,gitea/gitea:1.14.6,aged-stale,WARN,WARN,264.0,198.0,33.0,161.0,132.0,10.0,61.0,71.0,"33 critical CVEs and 71 Top 25 CWE matches are significant, but across 264 components, the density ratio (71/264 = ~0.27) is below the 0.3 threshold for systemic compromise. This indicates concentrated risk in a subset of packages, making it an urgent, but manageable, remediation task rather than an emergency BLOCK.",high
data/scans/aged-stale/drupal-7.98.json,drupal:7.98,aged-stale,WARN,BLOCK,194.0,4909.0,47.0,3668.0,1328.0,10.0,153.0,1812.0,"47 critical CVEs and 3668 high CVEs, with a max_cvss of 10.0, indicate severe risk. The density ratio of top25_cwe_count (1812) to total_dependency_count (194) is 9.33, far exceeding 1.0. This signifies systemic compromise with multiple independent, weaponized weaknesses per component, requiring immediate blocking.",high
data/scans/aged-stale/drupal-8.9.20.json,drupal:8.9.20,aged-stale,WARN,BLOCK,182.0,1026.0,45.0,760.0,421.0,10.0,130.0,498.0,"45 critical CVEs and 760 high CVEs, combined with a top25_cwe_count of 498 across 182 components, results in a density ratio of 2.73. This indicates systemic compromise with multiple independent, weaponized weaknesses per component, requiring immediate blocking and emergency remediation.",high
data/scans/aged-stale/ghost-2.38.3.json,ghost:2.38.3,aged-stale,WARN,WARN,1950.0,396.0,43.0,274.0,237.0,10.0,100.0,141.0,"43 critical and 274 high CVEs represent a significant remediation backlog. However, across 1950 components, the top25_cwe_count (141) yields a density ratio of 0.07, well below the systemic threshold of 0.3. This indicates risk is concentrated, not broadly spread, making it an urgent but manageable engineering task.",high
data/scans/aged-stale/haproxy-1.8.31.json,haproxy:1.8.31,aged-stale,WARN,WARN,89.0,75.0,5.0,41.0,34.0,9.8,41.0,29.0,"5 critical CVEs and 41 high CVEs with max_cvss 9.8 indicate a significant remediation backlog. However, the top25_cwe_count (29) across 89 components results in a density of ~0.325, suggesting risk is concentrated in a subset of packages rather than systemic compromise. This is an urgent, but structured engineering task.",high
data/scans/aged-stale/haproxy-1.9.16.json,haproxy:1.9.16,aged-stale,WARN,BLOCK,89.0,129.0,15.0,81.0,67.0,10.0,52.0,60.0,"15 critical CVEs and 81 high CVEs, combined with a top25_cwe_count of 60 across 89 dependencies, result in a density ratio of 0.67. This indicates widespread, systemic compromise with multiple independent, well-known exploitable entry points across the attack surface, requiring immediate blocking.",high
data/scans/aged-stale/consul-1.9.17.json,consul:1.9.17,aged-stale,WARN,WARN,183.0,142.0,10.0,105.0,78.0,10.0,51.0,42.0,"10 critical CVEs and 105 high CVEs, with max_cvss 10.0, represent a significant remediation backlog. However, the density of Top 25 CWEs (42 across 183 components, a ratio of 0.23) is below the systemic compromise threshold, indicating risk is concentrated rather than broadly spread. This is an urgent, but structured, engineering task.",high
data/scans/aged-stale/consul-1.10.12.json,consul:1.10.12,aged-stale,WARN,WARN,184.0,165.0,11.0,116.0,86.0,10.0,59.0,45.0,"11 critical CVEs and 116 high CVEs with max_cvss 10.0 indicate significant risk. However, the density of Top 25 CWEs (45) across 184 components is approximately 0.24, which is below the systemic compromise threshold. This suggests concentrated, actionable risk requiring urgent remediation within normal engineering cycles, not an emergency BLOCK.",high
data/scans/aged-stale/vault-1.5.9.json,vault:1.5.9,aged-stale,WARN,BLOCK,22.0,114.0,8.0,97.0,70.0,10.0,34.0,31.0,"8 critical CVEs and 97 high CVEs in an image with only 22 dependencies is extremely high. The top25_cwe_count (31) is 1.4 times the total_dependency_count, indicating systemic compromise where nearly every component carries multiple weaponized weaknesses. This image has multiple independent, trivially exploitable entry points.",high
data/scans/aged-stale/redis-4.0.9.json,redis:4.0.9,aged-stale,WARN,WARN,102.0,64.0,7.0,33.0,35.0,9.8,31.0,25.0,"7 critical CVEs and 33 high CVEs with max_cvss 9.8 indicate significant actionable risk. However, the density of Top 25 CWEs (25 across 102 components, a ratio of 0.245) is below the systemic compromise threshold, suggesting risk is concentrated rather than broadly spread. This is an urgent, but manageable, remediation task.",high
data/scans/aged-stale/memcached-1.5.22.json,memcached:1.5.22,aged-stale,WARN,BLOCK,90.0,130.0,13.0,82.0,68.0,10.0,54.0,60.0,"13 critical CVEs and 82 high CVEs, combined with a high density of Top 25 CWEs (60 across 90 components, ratio 0.66), indicate systemic compromise. The 54 unique CWE types further confirm broad, independent exploitable weaknesses across the image, requiring emergency remediation.",high
data/scans/aged-stale/mongo-3.6.23.json,mongo:3.6.23,aged-stale,WARN,WARN,112.0,115.0,7.0,94.0,67.0,10.0,33.0,29.0,"7 critical CVEs and 94 high CVEs with max_cvss 10.0 indicate significant risk. However, the top25_cwe_count (29) across 112 dependencies results in a density ratio of ~0.26, which is below the systemic compromise threshold. This suggests concentrated, actionable remediation targets rather than broad, immediately exploitable systemic compromise.",high
data/scans/aged-stale/solr-7.7.3.json,solr:7.7.3,aged-stale,WARN,BLOCK,377.0,475.0,67.0,274.0,233.0,10.0,131.0,219.0,"67 critical CVEs and 274 high CVEs, with max_cvss 10.0, indicate severe risk. The 219 Top 25 CWE matches and 131 unique CWE types across 377 components, with a density ratio of 0.58, demonstrate pervasive and systemic compromise, not isolated findings. This image has multiple independent, exploitable entry points.",high
data/scans/aged-stale/solr-8.0.0.json,solr:8.0.0,aged-stale,WARN,BLOCK,405.0,485.0,70.0,283.0,242.0,10.0,133.0,228.0,"70 critical CVEs and 283 high CVEs, with a max_cvss of 10.0, indicate severe risk. The density of Top 25 CWEs (228 across 405 components, ratio 0.56) combined with 133 unique CWE types demonstrates widespread, systemic compromise with multiple independent, exploitable entry points across the attack surface.",high
data/scans/aged-stale/rmohr-activemq-5.14.5.json,rmohr/activemq:5.14.5,aged-stale,WARN,BLOCK,438.0,662.0,112.0,450.0,390.0,10.0,105.0,318.0,"112 critical CVEs and 450 high CVEs, with max_cvss 10.0, indicate severe risk. The density ratio of top25_cwe_count (318) to total_dependency_count (438) is ~0.73, meaning a high proportion of components carry weaponized weaknesses. With 105 unique CWEs, this represents systemic, broad compromise with multiple independent exploitable paths.",high
data/scans/aged-stale/couchdb-1.7.2.json,couchdb:1.7.2,aged-stale,WARN,WARN,161.0,106.0,20.0,58.0,59.0,10.0,40.0,47.0,"20 critical CVEs and 58 high CVEs, with max_cvss 10.0, indicate significant actionable risk. However, the density ratio of top25_cwe_count (47) to total_dependency_count (161) is 0.29, which is below the 0.3 systemic compromise threshold. This suggests risk is concentrated in a subset of packages, making it an urgent but structured remediation task, not an emergency.",high
data/scans/aged-stale/alpine-3.16.json,alpine:3.16,aged-stale,WARN,WARN,15.0,2.0,0.0,1.0,2.0,7.1,1.0,2.0,"No critical CVEs. One high-severity CVE with max_cvss 7.1 is present, but across 15 components, the unique_cwe_count is 1 and the top25_cwe_count is 2. This indicates a highly concentrated, isolated risk, not systemic compromise, suitable for scheduled remediation.",high
data/scans/aged-stale/alpine-3.17.json,alpine:3.17,aged-stale,WARN,BLOCK,16.0,13.0,1.0,11.0,6.0,9.8,6.0,8.0,"One critical CVE and 11 high CVEs, with max_cvss 9.8, are present. Crucially, 8 Top 25 CWE matches across only 16 dependencies results in a density ratio of 0.5. This indicates that half of the image's minimal attack surface contains known weaponized weaknesses, suggesting systemic compromise rather than isolated findings.",high
data/scans/aged-stale/ubuntu-21.04.json,ubuntu:21.04,aged-stale,WARN,ALLOW,103.0,0.0,0.0,0.0,0.0,0.0,0.0,0.0,"No critical or high CVEs, and zero vulnerabilities detected across all 103 components. The image has a clean security profile with no identified weaknesses.",high
data/scans/aged-stale/ubuntu-21.10.json,ubuntu:21.10,aged-stale,WARN,WARN,102.0,4.0,1.0,3.0,3.0,10.0,5.0,2.0,"One critical CVE with max_cvss 10.0 and 3 high CVEs indicate actionable risk. However, across 102 components, the breadth indicators are very low (5 unique CWEs, 2 Top 25 CWEs), and the density ratio is negligible. This points to an isolated, urgent remediation target, not systemic compromise.",high
data/scans/aged-stale/ubuntu-22.10.json,ubuntu:22.10,aged-stale,WARN,ALLOW,95.0,0.0,0.0,0.0,0.0,0.0,0.0,0.0,"No vulnerabilities of any severity (critical, high, or CVSS >= 7.0) were detected across 95 components. The image has a pristine security profile with no known weaknesses, making it deployment-ready without intervention.",high
data/scans/aged-stale/ubuntu-23.04.json,ubuntu:23.04,aged-stale,WARN,WARN,91.0,6.0,0.0,4.0,3.0,7.5,5.0,1.0,"No critical CVEs, but 4 HIGH CVEs and max_cvss 7.5 indicate actionable risk. Across 91 components, only 1 Top 25 CWE match and 5 unique weakness types suggest isolated remediation targets rather than systemic compromise; this is a sprint-cycle fix, not an emergency.",high
data/scans/aged-stale/fedora-30.json,fedora:30,aged-stale,WARN,ALLOW,0.0,0.0,0.0,0.0,0.0,0.0,0.0,0.0,"All vulnerability counts (critical_cve_count, high_cve_count, vuln_total) and breadth indicators (unique_cwe_count, top25_cwe_count) are zero. This image presents no detected security risks and is deployment-ready.",high
data/scans/aged-stale/fedora-31.json,fedora:31,aged-stale,WARN,ALLOW,0.0,0.0,0.0,0.0,0.0,0.0,0.0,0.0,"No vulnerabilities (vuln_total: 0) or dependencies (total_dependency_count: 0) were detected. All risk metrics, including critical_cve_count, high_cve_count, and top25_cwe_count, are zero, indicating no security concerns.",high
data/scans/aged-stale/fedora-32.json,fedora:32,aged-stale,WARN,ALLOW,0.0,0.0,0.0,0.0,0.0,0.0,0.0,0.0,"All vulnerability counts are zero across all metrics (vuln_total: 0, critical_cve_count: 0, high_cve_count: 0, cvss_ge_7_count: 0, max_cvss: 0.0, unique_cwe_count: 0, top25_cwe_count: 0). This image presents no detected security risks and is deployment-ready.",high
data/scans/aged-stale/fedora-33.json,fedora:33,aged-stale,WARN,ALLOW,0.0,0.0,0.0,0.0,0.0,0.0,0.0,0.0,"All vulnerability and dependency counts are zero. There are no critical, high, or even low-severity CVEs, and no CWEs detected. This image presents no security risk.",high
data/scans/aged-stale/fedora-34.json,fedora:34,aged-stale,WARN,ALLOW,0.0,0.0,0.0,0.0,0.0,0.0,0.0,0.0,"All vulnerability counts (vuln_total, critical_cve_count, high_cve_count, cvss_ge_7_count) are 0.0, and max_cvss is 0.0. This indicates a completely clean image with no detected security risks across all dependency profiles.",high
data/scans/aged-stale/debian-jessie-slim.json,debian:jessie-slim,aged-stale,WARN,WARN,102.0,24.0,2.0,10.0,11.0,9.8,16.0,7.0,"2 critical CVEs and 10 high CVEs, with a max_cvss of 9.8, indicate significant actionable risk. However, across 102 components, the top25_cwe_count of 7 results in a very low density ratio (~0.07), suggesting these are isolated, urgent remediation targets rather than systemic compromise. This fits a WARN label for scheduled remediation.",high
data/scans/aged-stale/debian-stretch-slim.json,debian:stretch-slim,aged-stale,WARN,WARN,77.0,30.0,2.0,16.0,17.0,9.8,21.0,15.0,"Two critical CVEs and 16 high CVEs with max_cvss 9.8 indicate significant actionable risk. However, the density of Top 25 CWEs (15 across 77 components, ratio ~0.19) is low, suggesting concentrated vulnerabilities rather than systemic compromise. This requires urgent, but not emergency, remediation within a normal sprint cycle.",high
data/scans/aged-stale/almalinux-8.json,almalinux:8,aged-stale,WARN,ALLOW,157.0,4.0,0.0,3.0,3.0,8.2,5.0,3.0,"No critical CVEs are present. While there are 3 high-severity CVEs with max_cvss 8.2, the total vulnerability count is very low (4) for 157 dependencies, and breadth indicators are minimal (3 Top 25 CWE matches, 5 unique CWEs). This indicates isolated, contained risk, not systemic compromise.",high
data/scans/aged-stale/almalinux-8-minimal.json,almalinux:8-minimal,aged-stale,WARN,ALLOW,102.0,1.0,0.0,0.0,0.0,6.2,1.0,0.0,"No critical or high CVEs, and only 1 vulnerability overall with a moderate max_cvss of 6.2. Breadth indicators are minimal, with 0 Top 25 CWEs and only 1 unique CWE across 102 dependencies. The risk profile is negligible.",high
data/scans/aged-stale/centos-8.json,centos:8,aged-stale,WARN,BLOCK,181.0,702.0,47.0,401.0,333.0,10.0,127.0,380.0,"47 critical CVEs and max_cvss 10.0 are severe. The density ratio of top25_cwe_count (380) to total_dependency_count (181) is 2.09, far exceeding the 1.0 threshold for systemic compromise. This indicates multiple independent, weaponized weaknesses per component, requiring immediate emergency remediation.",high
data/scans/aged-stale/python-3.11.0.json,python:3.11.0,aged-stale,WARN,BLOCK,430.0,6280.0,75.0,4078.0,1774.0,10.0,187.0,2293.0,"75 critical CVEs and 4078 high CVEs, with a max_cvss of 10.0, indicate severe risk. The density ratio of top25_cwe_count (2293) to total_dependency_count (430) is 5.33, far exceeding 1.0, signifying systemic compromise. With 187 unique CWEs, this image has multiple independent, weaponized exploitable entry points across its attack surface and must not be deployed.",high
data/scans/aged-stale/python-3.11.9.json,python:3.11.9,aged-stale,WARN,BLOCK,433.0,4101.0,55.0,2907.0,1167.0,10.0,152.0,1454.0,"55 critical CVEs and 1454 Top 25 CWE matches across 433 components result in a density ratio of 3.36, far exceeding the systemic compromise threshold. This indicates multiple independent, weaponized exploitable entry points spread broadly across the image, requiring immediate emergency remediation.",high
data/scans/aged-stale/python-3.10.0.json,python:3.10.0,aged-stale,WARN,BLOCK,430.0,7565.0,100.0,4717.0,2152.0,10.0,200.0,2818.0,"100 critical CVEs and 4717 high CVEs, with a max_cvss of 10.0, indicate severe risk. The density ratio of top25_cwe_count (2818) to total_dependency_count (430) is 6.55, far exceeding 1.0, meaning multiple weaponized weaknesses per component on average. This represents systemic, broadly exploitable compromise requiring immediate intervention.",high
data/scans/aged-stale/node-18.12.0.json,node:18.12.0,aged-stale,WARN,BLOCK,624.0,6269.0,75.0,4083.0,1778.0,10.0,191.0,2284.0,"75 critical CVEs and 4083 high CVEs, with max_cvss 10.0, indicate severe risk. The density ratio of top25_cwe_count (2284) to total_dependency_count (624) is 3.66, far exceeding the systemic compromise threshold of 1.0. This image has multiple independent, weaponized exploitable entry points spread broadly across its attack surface.",high
data/scans/aged-stale/node-18.20.0.json,node:18.20.0,aged-stale,WARN,BLOCK,636.0,5172.0,65.0,3705.0,1441.0,10.0,167.0,1860.0,"65 critical CVEs and 3705 high CVEs, with a max_cvss of 10.0, indicate severe risk. The density ratio of top25_cwe_count (1860) to total_dependency_count (636) is ~2.92, far exceeding 1.0. This signifies systemic compromise with multiple weaponized weaknesses per component, requiring immediate blocking.",high
data/scans/aged-stale/node-19.9.0.json,node:19.9.0,aged-stale,WARN,BLOCK,649.0,5230.0,68.0,3542.0,1508.0,10.0,185.0,1893.0,"68 critical CVEs and 1893 Top 25 CWE matches across 649 components indicate systemic compromise. The density ratio of Top 25 CWEs to dependencies (2.91) is far above the BLOCK threshold, meaning nearly every component carries multiple known weaponized weaknesses. This image has multiple independent, trivially exploitable entry points.",high
data/scans/aged-stale/node-20.10.0.json,node:20.10.0,aged-stale,WARN,BLOCK,643.0,5324.0,67.0,3813.0,1503.0,10.0,172.0,1940.0,"67 critical CVEs and 3813 high CVEs, combined with a top25_cwe_count of 1940 across 643 dependencies, result in a density ratio of over 3.0. This indicates systemic compromise with multiple independent, weaponized weaknesses per component, requiring immediate blocking and emergency remediation.",high
data/scans/aged-stale/golang-1.21.0.json,golang:1.21.0,aged-stale,WARN,BLOCK,245.0,5696.0,51.0,4078.0,1550.0,10.0,162.0,2031.0,"51 critical CVEs and 2031 Top 25 CWE matches across 245 components, resulting in a density ratio of 8.29. This indicates systemic compromise with multiple independent, trivially exploitable entry points spread broadly across the image's attack surface, requiring immediate intervention.",high
data/scans/aged-stale/golang-1.21.13.json,golang:1.21.13,aged-stale,WARN,BLOCK,245.0,4011.0,36.0,2909.0,1087.0,10.0,140.0,1365.0,"36 critical CVEs and 2909 high CVEs, combined with a top25_cwe_count of 1365 across 245 dependencies, result in a density ratio of 5.57. This indicates systemic compromise with multiple independent, weaponized weaknesses per component, requiring immediate blocking and emergency remediation.",high
data/scans/aged-stale/rust-1.66.0.json,rust:1.66.0,aged-stale,WARN,BLOCK,410.0,5921.0,72.0,3884.0,1646.0,10.0,185.0,2164.0,"72 critical CVEs and 3884 high CVEs, with a max_cvss of 10.0, indicate severe risk. The density of 2164 Top 25 CWE matches across 410 components (a ratio of 5.27) signifies systemic compromise, with multiple weaponized weaknesses per dependency. This image presents widespread, immediately exploitable vulnerabilities.",high
data/scans/aged-stale/rust-1.68.0.json,rust:1.68.0,aged-stale,WARN,BLOCK,410.0,5772.0,67.0,3812.0,1604.0,10.0,184.0,2058.0,"The density ratio of top25_cwe_count (2058) to total_dependency_count (410) is over 5.0, indicating systemic compromise with multiple weaponized weaknesses per component. With 67 critical CVEs and 184 unique CWE types, this image presents pervasive, immediately exploitable risk across its attack surface.",high
data/scans/aged-stale/rust-1.70.0.json,rust:1.70.0,aged-stale,WARN,BLOCK,410.0,5208.0,67.0,3526.0,1493.0,10.0,181.0,1882.0,"67 critical CVEs and 3526 high CVEs, with max_cvss 10.0, indicate severe risk. The top25_cwe_count (1882) is over 4.5 times the total_dependency_count (410), signifying systemic compromise with multiple weaponized weaknesses per component. This image has widespread, independent exploitable entry points.",high
data/scans/aged-stale/rust-1.73.0.json,rust:1.73.0,aged-stale,WARN,BLOCK,414.0,5503.0,67.0,3925.0,1554.0,10.0,177.0,2048.0,"67 critical CVEs and 2048 Top 25 CWE matches across 414 components result in a density ratio of ~4.95, indicating nearly five weaponized weaknesses per component. This, combined with 177 unique CWE types, signifies systemic, pervasive compromise with multiple independent exploitable entry points.",high
data/scans/aged-stale/ruby-3.0.7.json,ruby:3.0.7,aged-stale,WARN,BLOCK,496.0,4208.0,57.0,2838.0,1196.0,10.0,166.0,1475.0,"57 critical CVEs and 2838 high CVEs, with a max_cvss of 10.0, indicate severe risk. The top25_cwe_count (1475) is nearly three times the total_dependency_count (496), signifying an average of almost 3 weaponized weaknesses per component. This systemic compromise across 166 unique CWE types demands immediate blocking and emergency remediation.",high
data/scans/aged-stale/ruby-3.1.6.json,ruby:3.1.6,aged-stale,WARN,BLOCK,499.0,3074.0,48.0,2022.0,834.0,10.0,138.0,997.0,"48 critical CVEs and 2022 high CVEs, combined with 997 Top 25 CWE matches across 499 dependencies, result in a density ratio of ~2.0. This indicates pervasive, systemic compromise with multiple independent, weaponized weaknesses per component, requiring immediate blocking.",high
data/scans/aged-stale/php-8.1.27.json,php:8.1.27,aged-stale,WARN,BLOCK,174.0,4793.0,42.0,3460.0,1263.0,10.0,125.0,1675.0,"42 critical CVEs and 3460 high CVEs, combined with a top25_cwe_count of 1675 across only 174 dependencies, result in a density ratio of 9.6. This indicates an extreme level of systemic compromise, with multiple independent, weaponized weaknesses per component. Deployment must be blocked immediately.",high
data/scans/aged-stale/php-8.2.20.json,php:8.2.20,aged-stale,WARN,BLOCK,174.0,4073.0,34.0,2984.0,1101.0,10.0,113.0,1398.0,"34 critical CVEs and 2984 high CVEs are present. The density of Top 25 CWE matches is extremely high at 1398 across 174 dependencies (ratio of ~8.03), indicating systemic compromise with multiple independent, weaponized weaknesses per component. This image is broadly and deeply compromised.",high
data/scans/aged-stale/postgres-15.6.json,postgres:15.6,aged-stale,WARN,BLOCK,150.0,302.0,22.0,185.0,129.0,10.0,106.0,97.0,"22 critical CVEs and 185 high CVEs, with max_cvss 10.0, indicate severe risk. The top25_cwe_count of 97 across 150 dependencies (density 0.646) and 106 unique CWEs demonstrate systemic compromise, with multiple independent, weaponized weaknesses spread broadly across the image.",high
data/scans/aged-stale/mysql-8.0.20.json,mysql:8.0.20,aged-stale,WARN,BLOCK,130.0,274.0,27.0,202.0,159.0,10.0,77.0,103.0,"27 critical CVEs and 202 high CVEs, with a top25_cwe_count of 103 across 130 dependencies, results in a density ratio of 0.79. This, combined with 77 unique CWE types, indicates widespread, systemic compromise with multiple independent exploitable paths, requiring immediate blocking.",high
data/scans/aged-stale/mysql-8.0.28.json,mysql:8.0.28,aged-stale,WARN,BLOCK,140.0,220.0,23.0,164.0,125.0,10.0,78.0,74.0,"23 critical CVEs and 74 Top 25 CWE matches across 140 components, yielding a density of 0.53. This indicates a broad and systemic compromise with multiple independent, well-known exploitable entry points spread across the attack surface, requiring immediate intervention.",high
data/scans/aged-stale/mariadb-10.5.25.json,mariadb:10.5.25,aged-stale,WARN,WARN,146.0,107.0,8.0,92.0,59.0,10.0,36.0,35.0,"8 critical CVEs and 92 high CVEs represent a significant remediation backlog. However, across 146 components, the top25_cwe_count (35) results in a density ratio of ~0.24, which is below the systemic compromise threshold. This indicates concentrated risk in a subset of packages, making it an urgent but structured engineering task rather than an emergency.",high
data/scans/aged-stale/mariadb-10.6.18.json,mariadb:10.6.18,aged-stale,WARN,WARN,146.0,107.0,8.0,92.0,59.0,10.0,36.0,35.0,"8 critical CVEs and 92 high CVEs are a significant remediation backlog across 146 components. However, the top25_cwe_count (35) results in a density ratio of 0.24, which is below the systemic compromise threshold. This indicates risk is concentrated in a subset of packages, making it an urgent but structured engineering task, not an emergency.",high
data/scans/aged-stale/mariadb-10.9.8.json,mariadb:10.9.8,aged-stale,WARN,BLOCK,159.0,231.0,18.0,175.0,121.0,10.0,88.0,75.0,"18 critical CVEs and 175 high CVEs, with max_cvss 10.0, indicate severe risk. The density of Top 25 CWEs is 0.47 (75 across 159 components), combined with 88 unique CWE types, signifies widespread, independently exploitable weaknesses across the image, requiring emergency remediation.",high
data/scans/aged-stale/mariadb-10.10.7.json,mariadb:10.10.7,aged-stale,WARN,BLOCK,159.0,192.0,16.0,145.0,97.0,10.0,75.0,67.0,"16 critical CVEs and 145 high CVEs, with a max_cvss of 10.0, indicate severe risk. The density of Top 25 CWEs is 67 across 159 components (0.42), well above the 0.3 threshold for concentrated risk. This pattern suggests widespread, independently exploitable weaknesses across the image, requiring emergency remediation.",high
data/scans/aged-stale/mongo-5.0.json,mongo:5.0,aged-stale,WARN,WARN,405.0,35.0,3.0,28.0,18.0,10.0,13.0,11.0,"3 critical and 28 high CVEs, with max_cvss 10.0, indicate actionable risk. However, across 405 components, the top25_cwe_count (11) results in a density ratio of 0.027, far below the systemic threshold. This suggests concentrated, isolated issues rather than widespread compromise, making it an urgent but manageable remediation task.",high
data/scans/aged-stale/redis-7.0-alpine.json,redis:7.0-alpine,aged-stale,WARN,BLOCK,22.0,119.0,9.0,103.0,68.0,10.0,38.0,44.0,"9 critical and 103 high CVEs are extremely high for only 22 dependencies. The top25_cwe_count (44) is double the total_dependency_count, yielding a density ratio of 2.0. This indicates systemic compromise with multiple weaponized weaknesses per component, making the image immediately exploitable at scale.",high
data/scans/aged-stale/redis-7.0.15.json,redis:7.0.15,aged-stale,WARN,BLOCK,95.0,210.0,15.0,129.0,88.0,10.0,75.0,67.0,"15 critical CVEs and 129 high CVEs, with max_cvss 10.0, indicate severe risk. The top25_cwe_count (67) divided by total_dependency_count (95) yields a density of ~0.705, meaning a high proportion of components carry weaponized weaknesses. With 75 unique CWE types, this points to systemic, broad compromise across the image, not isolated issues.",high
data/scans/aged-stale/cassandra-3.11.json,cassandra:3.11,aged-stale,WARN,WARN,220.0,143.0,7.0,86.0,63.0,10.0,62.0,58.0,"7 critical CVEs and 58 Top 25 CWE matches across 220 components indicate a substantial remediation backlog. However, the density ratio (58/220 = 0.26) is below the systemic threshold, suggesting risk is concentrated in a subset of packages rather than broadly compromised. This is an urgent, but structured, engineering task.",high
data/scans/aged-stale/nginx-1.23.0.json,nginx:1.23.0,aged-stale,WARN,BLOCK,143.0,424.0,24.0,201.0,146.0,10.0,108.0,186.0,"24 critical CVEs and 201 high CVEs, with a max_cvss of 10.0, indicate severe risk. The top25_cwe_count (186) significantly exceeds the total_dependency_count (143), resulting in a density ratio of ~1.30. This pattern signifies systemic compromise with multiple independent, weaponized weaknesses spread across the image.",high
data/scans/aged-stale/nginx-1.24.0.json,nginx:1.24.0,aged-stale,WARN,BLOCK,143.0,304.0,16.0,137.0,102.0,10.0,93.0,118.0,"16 critical CVEs and 118 Top 25 CWE matches across 143 components, yielding a density ratio of ~0.83. This indicates widespread, systemic compromise where nearly every component carries a known weaponized weakness, presenting multiple independent exploitable entry points.",high
data/scans/aged-stale/httpd-2.4.54.json,httpd:2.4.54,aged-stale,WARN,BLOCK,118.0,284.0,18.0,128.0,96.0,10.0,100.0,91.0,"18 critical CVEs and 128 high CVEs, with max_cvss 10.0, indicate severe risk. The density ratio of 0.77 (91 Top 25 CWEs across 118 components) and 100 unique CWE types demonstrate systemic compromise, with multiple independent, weaponized weaknesses spread broadly across the image. This requires immediate emergency remediation.",high
data/scans/aged-stale/httpd-2.4.57.json,httpd:2.4.57,aged-stale,WARN,BLOCK,127.0,5058.0,43.0,3667.0,1366.0,10.0,133.0,1823.0,"43 critical CVEs and max_cvss 10.0 are severe, but the density ratio is the key signal: 1823 Top 25 CWE matches across only 127 components (a ratio of ~14.35) indicates extreme systemic compromise. This image has multiple independent, trivially exploitable entry points across its entire attack surface.",high
data/scans/aged-stale/tomcat-10.0.27-jre11.json,tomcat:10.0.27-jre11,aged-stale,WARN,BLOCK,163.0,206.0,16.0,114.0,86.0,9.8,82.0,76.0,"16 critical CVEs and 114 high CVEs, combined with 76 Top 25 CWE matches across 163 components (a density of 0.47), indicate widespread, systemic compromise. This is not isolated risk but multiple independent, exploitable entry points across the attack surface, requiring immediate intervention.",high
data/scans/aged-stale/tomcat-10.1.0-jre17.json,tomcat:10.1.0-jre17,aged-stale,WARN,BLOCK,170.0,300.0,26.0,171.0,137.0,9.8,102.0,114.0,"26 critical CVEs and 171 high CVEs, combined with 114 Top 25 CWE matches across 170 components (a density of 0.67), indicate systemic compromise. The image has a broad attack surface with 102 unique CWE types, suggesting multiple independent, exploitable entry points.",high
data/scans/aged-stale/jenkins-jenkins-2.375.3-lts.json,jenkins/jenkins:2.375.3-lts,aged-stale,WARN,BLOCK,324.0,413.0,25.0,201.0,159.0,10.0,138.0,152.0,"25 critical CVEs and 152 Top 25 CWE matches across 324 components, resulting in a density ratio of 0.47. This indicates that nearly half of the dependencies carry a known weaponized weakness, alongside a very high count of unique CWEs (138). This pattern suggests systemic compromise with multiple independent, exploitable entry points, requiring immediate remediation.",high
data/scans/aged-stale/jenkins-jenkins-2.401.1-lts.json,jenkins/jenkins:2.401.1-lts,aged-stale,WARN,BLOCK,324.0,383.0,22.0,179.0,140.0,10.0,135.0,134.0,"22 critical CVEs and 179 high CVEs, with a max_cvss of 10.0, indicate severe risk. The top25_cwe_count of 134 across 324 dependencies (a density of 0.41) shows a broad compromise with numerous well-known exploitable weaknesses. This pattern suggests systemic vulnerability, requiring immediate intervention.",high
data/scans/aged-stale/sonarqube-9.9-community.json,sonarqube:9.9-community,aged-stale,WARN,WARN,521.0,123.0,6.0,64.0,52.0,10.0,62.0,45.0,"6 critical and 64 high CVEs indicate significant actionable risk. However, across 521 dependencies, the top25_cwe_count (45) results in a density ratio of 0.086, well below the systemic compromise threshold. This suggests concentrated, not widespread, vulnerabilities, making it an urgent but manageable remediation task.",high
data/scans/aged-stale/sonatype-nexus3-3.55.0.json,sonatype/nexus3:3.55.0,aged-stale,WARN,BLOCK,611.0,496.0,28.0,258.0,177.0,10.0,125.0,216.0,"28 critical CVEs and 216 Top 25 CWE matches across 611 components, with 125 unique CWE types, indicate a broad and systemic compromise. The sheer volume of critical and weaponized weaknesses suggests multiple independent, exploitable entry points, requiring emergency remediation.",high
data/scans/aged-stale/gitlab-gitlab-ce-15.11.13-ce.0.json,gitlab/gitlab-ce:15.11.13-ce.0,aged-stale,WARN,WARN,2961.0,427.0,42.0,258.0,204.0,10.0,120.0,170.0,"42 critical CVEs and 258 high CVEs represent a substantial remediation backlog. However, across 2961 components, the top25_cwe_count (170) results in a density ratio of ~0.057, which is well below the systemic compromise threshold. This indicates concentrated risk within a large dependency tree, requiring urgent but structured remediation rather than an emergency BLOCK.",high
data/scans/aged-stale/prom-prometheus-v2.40.0.json,prom/prometheus:v2.40.0,aged-stale,WARN,WARN,310.0,105.0,10.0,84.0,59.0,10.0,44.0,34.0,"10 critical CVEs and max_cvss 10.0 indicate serious, actionable risk. However, across 310 components, the top25_cwe_count (34) results in a density ratio of ~0.11, well below the systemic threshold. This suggests risk is concentrated in a subset of packages, making it an urgent but structured engineering task, not an emergency.",high
data/scans/aged-stale/grafana-grafana-9.5.20.json,grafana/grafana:9.5.20,aged-stale,WARN,WARN,352.0,110.0,10.0,66.0,48.0,10.0,47.0,30.0,"10 critical CVEs and 66 high CVEs represent a significant remediation backlog. However, across 352 components, the top25_cwe_count (30) yields a density of ~0.085, well below the systemic threshold. This indicates risk is concentrated in specific packages, making it an urgent but structured engineering task rather than an emergency BLOCK.",high
data/scans/aged-stale/elasticsearch-7.17.0.json,elasticsearch:7.17.0,aged-stale,WARN,BLOCK,348.0,340.0,20.0,224.0,194.0,10.0,92.0,198.0,"20 critical CVEs and 224 high CVEs, with max_cvss 10.0, indicate severe and numerous exploitable vulnerabilities. The 198 Top 25 CWE matches across 348 components (density ~0.57) and 92 unique CWE types demonstrate a broad and systemic compromise, not isolated findings. This image has multiple independent, weaponized entry points.",high
data/scans/aged-stale/kibana-7.17.0.json,kibana:7.17.0,aged-stale,WARN,WARN,1265.0,285.0,39.0,189.0,167.0,10.0,93.0,112.0,"39 critical CVEs and 189 high CVEs, with 112 Top 25 CWE matches, indicate a substantial remediation backlog. However, across 1265 components, the top25_cwe_count density is approximately 0.088, well below the systemic threshold of 0.3. This suggests concentrated risk in specific packages, making it an urgent but manageable engineering task rather than an emergency BLOCK.",high
data/scans/aged-stale/influxdb-2.5-alpine.json,influxdb:2.5-alpine,aged-stale,WARN,WARN,270.0,161.0,12.0,116.0,84.0,10.0,55.0,57.0,"12 critical CVEs and 116 high CVEs, with max_cvss 10.0, indicate significant actionable risk. However, the top25_cwe_count (57) relative to 270 total dependencies results in a density of 0.21, which is below the systemic compromise threshold. This suggests concentrated risk in specific packages, making it an urgent but manageable remediation task within normal engineering cycles.",high
data/scans/aged-stale/rabbitmq-3.11-management-alpine.json,rabbitmq:3.11-management-alpine,aged-stale,WARN,BLOCK,40.0,41.0,5.0,27.0,26.0,9.8,33.0,21.0,"5 critical CVEs and 27 high CVEs are present. The density ratio of top25_cwe_count (21) to total_dependency_count (40) is 0.525, indicating a high proportion of weaponized weaknesses. Furthermore, 33 unique CWE types across only 40 components signifies broad, systemic compromise with multiple independent exploitable paths.",high
data/scans/aged-stale/zookeeper-3.8.json,zookeeper:3.8,aged-stale,WARN,WARN,198.0,30.0,2.0,7.0,5.0,9.1,21.0,6.0,"Two critical CVEs with max_cvss 9.1 indicate actionable risk. However, across 198 components, the top25_cwe_count (6) results in a very low density ratio (0.03), suggesting these are isolated exploitable dependencies rather than systemic compromise. This is an urgent but structured engineering task, not an emergency.",high
data/scans/aged-stale/keycloak-keycloak-21.1.2.json,keycloak/keycloak:21.1.2,aged-stale,WARN,WARN,687.0,249.0,6.0,130.0,94.0,10.0,101.0,95.0,"6 critical CVEs and 95 Top 25 CWE matches indicate significant actionable risk. However, across 687 dependencies, the density of Top 25 CWEs (0.138) is well below the systemic threshold, suggesting concentrated risk rather than broad compromise. This requires urgent, but structured, remediation within normal engineering cycles.",high
data/scans/aged-stale/vault-1.12.0.json,vault:1.12.0,aged-stale,WARN,WARN,386.0,156.0,14.0,117.0,90.0,10.0,59.0,48.0,"14 critical and 117 high CVEs, with max_cvss 10.0, indicate a significant remediation backlog. However, across 386 components, the top25_cwe_count (48) results in a density ratio of ~0.12, well below the systemic compromise threshold. This suggests concentrated risk requiring urgent, but not emergency, remediation.",high
data/scans/aged-stale/consul-1.14.0.json,consul:1.14.0,aged-stale,WARN,WARN,219.0,135.0,11.0,99.0,69.0,10.0,53.0,43.0,"11 critical CVEs and 99 high CVEs with max_cvss 10.0 indicate a substantial remediation backlog. However, across 219 components, the top25_cwe_count (43) yields a density ratio of ~0.20, which is below the systemic compromise threshold of 0.3. This suggests concentrated risk in a subset of packages, making it an urgent but structured engineering task, not an emergency.",high
data/scans/aged-stale/neo4j-4.4-community.json,neo4j:4.4-community,aged-stale,WARN,BLOCK,347.0,1839.0,12.0,900.0,395.0,10.0,99.0,529.0,"12 critical CVEs and 900 high CVEs, combined with a top25_cwe_count of 529 across 347 dependencies, result in a density ratio of 1.52. This indicates systemic compromise with more than one known weaponized weakness per component on average, signifying multiple independent, exploitable entry points.",high
data/scans/aged-stale/solr-8.11-slim.json,solr:8.11-slim,aged-stale,WARN,WARN,519.0,116.0,27.0,83.0,83.0,10.0,40.0,66.0,"27 critical CVEs and 83 high CVEs, with max_cvss 10.0, represent a significant remediation backlog. However, across 519 components, the top25_cwe_count (66) results in a density ratio of 0.127, well below the systemic threshold. This indicates concentrated risk in specific packages, making it an urgent but manageable engineering task.",high
data/scans/aged-stale/debian-bullseye-slim.json,debian:bullseye-slim,aged-stale,WARN,WARN,97.0,65.0,4.0,29.0,20.0,10.0,39.0,14.0,"4 critical CVEs and 29 high CVEs, with max_cvss 10.0, indicate significant risk. However, the top25_cwe_count (14) across 97 components results in a density of 0.14, well below the systemic threshold. This suggests concentrated, actionable vulnerabilities rather than broad compromise, making it a prioritized remediation task.",high
data/scans/aged-stale/python-3.11-slim.json,python:3.11-slim,aged-stale,WARN,WARN,107.0,40.0,1.0,11.0,8.0,10.0,24.0,8.0,"One critical CVE with max_cvss 10.0 and 11 high CVEs indicate actionable risk. However, across 107 components, the 8 Top 25 CWE matches result in a density ratio of 0.074, well below the systemic threshold. This suggests an isolated, urgent remediation target rather than broad compromise.",high
data/scans/aged-stale/python-3.12-slim.json,python:3.12-slim,aged-stale,WARN,WARN,89.0,38.0,1.0,9.0,6.0,10.0,23.0,6.0,"One critical CVE with max_cvss 10.0 and 9 high CVEs indicate actionable risk. However, the low density of Top 25 CWEs (6 across 89 components, ratio ~0.07) and 23 unique CWEs suggest isolated findings rather than systemic compromise. This is an urgent but contained remediation task, not an emergency.",high
data/scans/aged-stale/python-3.11-alpine.json,python:3.11-alpine,aged-stale,WARN,WARN,58.0,6.0,1.0,3.0,3.0,9.8,4.0,4.0,"One critical CVE with max_cvss 9.8 is a serious finding. However, across 58 components, the breadth indicators are low (4 unique CWEs, 4 Top 25 matches), and the density ratio (0.069) is well below the systemic threshold. This indicates an isolated, urgent remediation target, not a broad compromise.",high
data/scans/aged-stale/python-3.12-alpine.json,python:3.12-alpine,aged-stale,WARN,WARN,40.0,4.0,1.0,1.0,1.0,9.8,3.0,2.0,"One critical CVE with max_cvss 9.8 is a serious, prioritized finding, but the breadth indicators are low — only 3 unique CWE types and 2 Top 25 matches across 40 components. This is an isolated exploitable dependency, not a systemic compromise; remediation is urgent but not emergency-level.",high
data/scans/aged-stale/python-3.12.2-slim-bookworm.json,python:3.12.2-slim-bookworm,aged-stale,WARN,WARN,110.0,133.0,10.0,66.0,43.0,10.0,66.0,41.0,"10 critical CVEs and 41 Top 25 CWE matches across 110 components indicate significant, broad risk. The density ratio of 0.37 (41/110) is above the 0.3 threshold, suggesting widespread issues, but it does not approach 1.0 for systemic compromise. This represents an urgent remediation backlog for normal engineering cycles, not an emergency BLOCK.",high
data/scans/aged-stale/node-18-alpine.json,node:18-alpine,aged-stale,WARN,WARN,222.0,28.0,1.0,22.0,14.0,9.8,18.0,14.0,"One critical CVE with max_cvss 9.8 and 22 high CVEs indicate actionable risk. However, across 222 components, the top25_cwe_count (14) results in a density ratio of 0.06, well below the systemic threshold. This suggests an urgent but isolated remediation target, not a broad compromise requiring emergency blocking.",high
data/scans/aged-stale/node-20-alpine.json,node:20-alpine,aged-stale,WARN,WARN,223.0,15.0,1.0,12.0,12.0,9.8,11.0,8.0,"One critical CVE (max_cvss 9.8) and 12 high CVEs are present. However, across 223 components, the top25_cwe_count (8) results in a very low density ratio (~0.036), and unique_cwe_count (11) is also low. This indicates isolated, actionable vulnerabilities rather than systemic compromise, warranting a sprint-cycle fix.",high
data/scans/aged-stale/node-21-alpine.json,node:21-alpine,aged-stale,WARN,WARN,239.0,38.0,2.0,28.0,19.0,9.8,22.0,21.0,"Two critical CVEs and 28 high CVEs, with max_cvss 9.8, indicate significant actionable risk. However, across 239 components, the top25_cwe_count (21) results in a density of only 0.0878, well below the systemic threshold. This suggests isolated, urgent remediation targets rather than broad, systemic compromise.",high
data/scans/aged-stale/node-18-bookworm-slim.json,node:18-bookworm-slim,aged-stale,WARN,WARN,293.0,73.0,3.0,32.0,27.0,10.0,44.0,20.0,"3 critical CVEs and 32 high CVEs, including a max_cvss of 10.0, indicate significant actionable risk. However, across 293 dependencies, the top25_cwe_count of 20 results in a density ratio of ~0.068, well below the systemic compromise threshold. This suggests concentrated, urgent remediation targets rather than broad, immediately exploitable compromise.",high
data/scans/aged-stale/node-20-bookworm-slim.json,node:20-bookworm-slim,aged-stale,WARN,WARN,293.0,59.0,3.0,25.0,21.0,10.0,36.0,15.0,"3 critical CVEs and 25 high CVEs indicate actionable risk. However, across 293 components, the top25_cwe_count (15) results in a density of only 0.051, well below the systemic threshold. This suggests concentrated, isolated findings rather than broad, systemic compromise, warranting a scheduled fix.",high
data/scans/aged-stale/golang-1.21-alpine.json,golang:1.21-alpine,aged-stale,WARN,WARN,55.0,51.0,3.0,42.0,21.0,10.0,19.0,14.0,"3 critical CVEs and 42 high CVEs, with max_cvss 10.0, indicate significant actionable risk. However, the top25_cwe_count (14) divided by total_dependency_count (55) yields a density of 0.25, which is below the systemic compromise threshold of 0.3. This suggests concentrated vulnerabilities requiring urgent but scheduled remediation, not an emergency BLOCK.",high
data/scans/aged-stale/golang-1.22-alpine.json,golang:1.22-alpine,aged-stale,WARN,WARN,56.0,43.0,3.0,34.0,18.0,10.0,17.0,13.0,"3 critical CVEs and 34 high CVEs with max_cvss 10.0 indicate significant, actionable risk. However, the top25_cwe_count (13) across 56 dependencies results in a density ratio of 0.23, below the systemic threshold. This suggests concentrated remediation targets rather than broad, systemic compromise, fitting a WARN label for scheduled remediation.",high
data/scans/aged-stale/golang-1.21-bookworm.json,golang:1.21-bookworm,aged-stale,WARN,BLOCK,245.0,3512.0,26.0,2657.0,924.0,10.0,127.0,1207.0,"26 critical CVEs and 2657 high CVEs, combined with a top25_cwe_count of 1207 across 245 dependencies, indicate systemic compromise. The density ratio of ~4.9 Top 25 CWEs per component means multiple independent, weaponized weaknesses are present across the attack surface, requiring immediate blocking.",high
data/scans/aged-stale/golang-1.22-bookworm.json,golang:1.22-bookworm,aged-stale,WARN,BLOCK,245.0,2530.0,21.0,1807.0,622.0,10.0,113.0,793.0,"With 21 critical CVEs and 1807 high CVEs, this image presents severe risk. The density ratio of top25_cwe_count (793) to total_dependency_count (245) is over 3.0, indicating multiple weaponized weaknesses per component. This is systemic compromise with broad, independent exploitable entry points.",high
data/scans/aged-stale/rust-1.75-alpine.json,rust:1.75-alpine,aged-stale,WARN,WARN,29.0,17.0,1.0,7.0,7.0,7.8,12.0,11.0,"One critical CVE and 7 high CVEs indicate significant risk. With 11 Top 25 CWE matches across only 29 dependencies (density ~0.38), the image has a high concentration of known weaknesses. While serious, the max_cvss of 7.8 and single critical CVE suggest an urgent, but not emergency-level, remediation task.",high
data/scans/aged-stale/rust-1.76-alpine.json,rust:1.76-alpine,aged-stale,WARN,WARN,29.0,17.0,1.0,7.0,7.0,7.8,12.0,11.0,"One critical CVE and 7 high CVEs, combined with 11 Top 25 CWE matches across only 29 dependencies, indicates significant actionable risk. The density ratio of 0.379 suggests the weaknesses are spread beyond isolated findings, requiring scheduled remediation within a sprint cycle rather than an emergency block.",high
data/scans/aged-stale/rust-1.76-slim-bookworm.json,rust:1.76-slim-bookworm,aged-stale,WARN,BLOCK,132.0,4255.0,27.0,3200.0,1086.0,10.0,106.0,1509.0,"27 critical CVEs and 3200 high CVEs, combined with an extreme top25_cwe_count of 1509 across only 132 components, indicate severe systemic compromise. The density ratio of 11.43 (1509/132) means, on average, each component carries multiple known weaponized weaknesses, making this image immediately exploitable at scale.",high
data/scans/aged-stale/ruby-3.2-alpine.json,ruby:3.2-alpine,aged-stale,WARN,WARN,111.0,3.0,1.0,1.0,1.0,9.8,2.0,1.0,"One critical CVE with max_cvss 9.8 is a serious finding, but the breadth indicators are extremely low: only 2 unique CWE types and 1 Top 25 match across 111 components. This indicates an isolated exploitable dependency, not a systemic compromise, making it an urgent but routine remediation task.",high
data/scans/aged-stale/postgres-16.2-alpine3.19.json,postgres:16.2-alpine3.19,aged-stale,WARN,WARN,48.0,26.0,2.0,16.0,15.0,9.8,19.0,19.0,"Two critical CVEs with max_cvss 9.8 and 16 high CVEs indicate significant, actionable risk. The density of Top 25 CWEs (19 across 48 components, a ratio of ~0.40) suggests a notable spread of weaponized weaknesses, but it remains below the systemic compromise threshold of 1.0. This image requires urgent, structured remediation within normal engineering cycles, not an emergency BLOCK.",high
data/scans/aged-stale/mysql-8.0.36.json,mysql:8.0.36,aged-stale,WARN,BLOCK,144.0,183.0,19.0,150.0,106.0,10.0,64.0,67.0,"19 critical CVEs and 150 high CVEs, with max_cvss 10.0, indicate severe risk. The density ratio of 67 Top 25 CWEs across 144 components (~0.465) is well above the systemic threshold, suggesting widespread compromise rather than isolated issues. With 64 unique CWE types, this image presents multiple independent, exploitable entry points.",high
data/scans/aged-stale/mysql-8.3.0.json,mysql:8.3.0,aged-stale,WARN,BLOCK,144.0,183.0,19.0,150.0,106.0,10.0,64.0,67.0,"19 critical CVEs and 150 high CVEs, combined with 67 Top 25 CWE matches across 144 components, indicate a broad and systemic compromise. The density of Top 25 CWEs (0.465) suggests nearly half of the components carry known weaponized weaknesses, pointing to multiple independent exploitable entry points rather than isolated issues.",high
data/scans/aged-stale/mariadb-11.2.json,mariadb:11.2,aged-stale,WARN,WARN,155.0,146.0,10.0,109.0,72.0,10.0,54.0,44.0,"10 critical CVEs and 109 high CVEs, with max_cvss 10.0, represent a significant remediation backlog. However, the density of Top 25 CWEs (44 across 155 components, a ratio of 0.28) is below the systemic threshold, indicating risk is concentrated in a subset of packages rather than broadly compromised. This requires urgent, structured remediation within normal engineering cycles.",high
data/scans/aged-stale/mariadb-11.3.json,mariadb:11.3,aged-stale,WARN,WARN,159.0,164.0,13.0,125.0,81.0,10.0,63.0,52.0,"13 critical and 125 high CVEs with max_cvss 10.0 indicate a substantial remediation backlog. However, the top25_cwe_count (52) across 159 components yields a density of 0.33, which is above 0.3 but not approaching the systemic compromise threshold of 1.0. This suggests concentrated risk requiring urgent, but structured, engineering effort rather than an emergency BLOCK.",high
data/scans/aged-stale/redis-7.2-alpine.json,redis:7.2-alpine,aged-stale,WARN,BLOCK,23.0,83.0,6.0,74.0,50.0,10.0,23.0,23.0,"The density ratio of `top25_cwe_count` (23) to `total_dependency_count` (23) is 1.0, indicating nearly every component carries a known weaponized weakness. With 6 critical CVEs and 74 high CVEs in such a small image, this represents systemic, broadly exploitable compromise.",high
data/scans/aged-stale/redis-7.2.4-alpine.json,redis:7.2.4-alpine,aged-stale,WARN,BLOCK,23.0,98.0,7.0,80.0,56.0,10.0,32.0,33.0,"7 critical CVEs and 33 Top 25 CWE matches across only 23 components result in a density ratio of 1.43, indicating more than one weaponized weakness per component. This is systemic compromise with multiple independent, exploitable entry points, requiring immediate emergency remediation.",high
data/scans/aged-stale/rabbitmq-3.12-management-alpine.json,rabbitmq:3.12-management-alpine,aged-stale,WARN,BLOCK,39.0,35.0,3.0,27.0,16.0,9.8,22.0,20.0,"3 critical CVEs and 27 high CVEs, combined with 20 Top 25 CWE matches across only 39 components, indicate systemic compromise. The Top 25 CWE density of 0.51 means over half the dependencies carry known weaponized weaknesses, suggesting multiple independent exploitable entry points.",high
data/scans/aged-stale/traefik-v2.10.json,traefik:v2.10,aged-stale,WARN,WARN,309.0,83.0,6.0,56.0,38.0,10.0,38.0,22.0,"6 critical CVEs and 56 high CVEs are present, with max_cvss 10.0. However, across 309 components, the top25_cwe_count (22) results in a density ratio of ~0.07, well below the systemic threshold. This indicates concentrated, actionable risk in specific packages, not broad compromise; remediation is urgent but fits within normal engineering cycles.",high
data/scans/aged-stale/traefik-v3.0.json,traefik:v3.0,aged-stale,WARN,WARN,317.0,75.0,6.0,54.0,31.0,10.0,34.0,21.0,"6 critical CVEs and 54 high CVEs, with a max_cvss of 10.0, indicate significant actionable risk. However, across 317 dependencies, the top25_cwe_count (21) results in a low density ratio (~0.066), suggesting risk is concentrated rather than systemic. This requires urgent remediation but fits within normal engineering cycles.",high
data/scans/aged-stale/haproxy-2.8-alpine.json,haproxy:2.8-alpine,aged-stale,WARN,ALLOW,25.0,0.0,0.0,0.0,0.0,0.0,0.0,0.0,"All vulnerability counts are zero, including critical and high CVEs, and no CWEs. This indicates a pristine image with no detected security risks across its 25 components.",high
data/scans/aged-stale/haproxy-2.9-alpine.json,haproxy:2.9-alpine,aged-stale,WARN,WARN,20.0,15.0,1.0,11.0,3.0,9.8,9.0,7.0,"One critical CVE with max_cvss 9.8 and 11 high CVEs indicate significant risk. For a small image of 20 components, 7 Top 25 CWE matches (density 0.35) suggest a concentration of known weaknesses. While serious, the single critical CVE points to an urgent, isolated remediation target rather than systemic, widespread compromise requiring an emergency BLOCK.",high
data/scans/aged-stale/caddy-2.7-alpine.json,caddy:2.7-alpine,aged-stale,WARN,WARN,149.0,81.0,11.0,57.0,40.0,10.0,34.0,26.0,"11 critical CVEs and 57 high CVEs, with max_cvss 10.0, indicate a significant remediation backlog. However, across 149 components, the top25_cwe_count (26) results in a density ratio of approximately 0.17, well below the systemic threshold. This suggests concentrated risk in a subset of packages, making it an urgent but structured engineering task, not an emergency.",high
data/scans/aged-stale/caddy-2.7.6-alpine.json,caddy:2.7.6-alpine,aged-stale,WARN,WARN,149.0,81.0,11.0,57.0,40.0,10.0,34.0,26.0,"11 critical CVEs and 57 high CVEs with max_cvss 10.0 indicate significant actionable risk. However, the top25_cwe_count (26) across 149 components results in a density of 0.17, well below the systemic threshold. This suggests concentrated risk in a subset of packages, making it an urgent but structured remediation task, not an emergency.",high
data/scans/aged-stale/python-3.10-slim.json,python:3.10-slim,aged-stale,WARN,WARN,107.0,54.0,3.0,18.0,10.0,10.0,37.0,19.0,"3 critical CVEs and 18 high CVEs, including a max_cvss of 10.0, indicate significant risk. However, the density of Top 25 CWEs (19 across 107 components, ratio ~0.18) is low, suggesting vulnerabilities are concentrated rather than systemic. This is an urgent, actionable remediation task, not an emergency BLOCK.",high
data/scans/aged-stale/python-3.10-alpine.json,python:3.10-alpine,aged-stale,WARN,WARN,58.0,17.0,0.0,10.0,5.0,8.6,15.0,10.0,"No critical CVEs, but 10 HIGH CVEs and 5 vulnerabilities with CVSS >= 7.0 (max_cvss 8.6) indicate actionable risk. The density of Top 25 CWEs is low (10 across 58 components, ratio ~0.17), suggesting concentrated issues rather than systemic compromise. This is an urgent but structured engineering task, not an emergency.",high
data/scans/aged-stale/python-3.12-bookworm.json,python:3.12-bookworm,aged-stale,WARN,BLOCK,431.0,1236.0,16.0,584.0,260.0,10.0,106.0,406.0,"16 critical CVEs and 584 high CVEs, combined with a top25_cwe_count of 406 across 431 dependencies, indicate systemic compromise. The density ratio of 0.94 suggests nearly every component carries a weaponized weakness, presenting multiple independent, exploitable entry points.",high
data/scans/aged-stale/python-3.11-bookworm.json,python:3.11-bookworm,aged-stale,WARN,BLOCK,449.0,1238.0,16.0,586.0,262.0,10.0,106.0,408.0,"The density ratio of top25_cwe_count (408) to total_dependency_count (449) is approximately 0.91, indicating systemic compromise where nearly every component carries a known weaponized weakness. This, combined with 16 critical CVEs, 586 high CVEs, and 106 unique CWE types, signifies multiple independent, broadly exploitable entry points.",high
data/scans/aged-stale/node-23-alpine.json,node:23-alpine,aged-stale,WARN,WARN,239.0,40.0,1.0,31.0,15.0,9.8,24.0,20.0,"One critical CVE with max_cvss 9.8 and 31 high CVEs indicate actionable risk. However, across 239 components, the top25_cwe_count (20) results in a density ratio of ~0.08, well below the systemic threshold. This suggests isolated, prioritized remediation targets rather than broad compromise.",high
data/scans/aged-stale/node-23-bookworm-slim.json,node:23-bookworm-slim,aged-stale,WARN,WARN,309.0,85.0,5.0,36.0,28.0,10.0,52.0,25.0,"5 critical CVEs and max_cvss 10.0 indicate significant, actionable risk. However, the density of Top 25 CWEs (25 across 309 components, ratio ~0.08) is well below the systemic threshold, suggesting concentrated issues rather than broad compromise. This is an urgent, but not emergency-level, remediation task.",high
data/scans/aged-stale/node-20-slim.json,node:20-slim,aged-stale,WARN,WARN,293.0,72.0,5.0,30.0,23.0,10.0,45.0,20.0,"5 critical CVEs and 30 high CVEs, with max_cvss 10.0, indicate significant actionable risk. However, across 293 components, the top25_cwe_count (20) results in a density ratio of ~0.068, well below the systemic compromise threshold. This suggests isolated, prioritized remediation targets rather than broad, systemic compromise.",high
data/scans/aged-stale/golang-1.20-alpine.json,golang:1.20-alpine,aged-stale,WARN,BLOCK,58.0,64.0,4.0,42.0,27.0,10.0,21.0,18.0,"4 critical CVEs and 42 high CVEs, with 18 Top 25 CWE matches across only 58 components. The density of Top 25 CWEs (0.31) is elevated, and total vulnerabilities (64) exceeds dependencies, indicating widespread, independently exploitable weaknesses across the image. This represents systemic compromise requiring immediate blocking.",high
data/scans/aged-stale/golang-1.20-bookworm.json,golang:1.20-bookworm,aged-stale,WARN,BLOCK,247.0,4734.0,43.0,3553.0,1253.0,10.0,145.0,1678.0,"43 critical CVEs and 3553 high CVEs, combined with a max_cvss of 10.0, indicate severe risk. The top25_cwe_count (1678) across 247 dependencies results in a density ratio of 6.79, far exceeding 1.0, signifying systemic compromise with multiple independent, weaponized weaknesses per component. This image is broadly and deeply compromised.",high
data/scans/aged-stale/golang-1.22-alpine3.19.json,golang:1.22-alpine3.19,aged-stale,WARN,WARN,56.0,43.0,2.0,28.0,16.0,10.0,14.0,10.0,"Two critical CVEs and 28 high CVEs, with max_cvss 10.0, indicate serious actionable risk. However, the top25_cwe_count (10) across 56 dependencies results in a density of 0.18, well below the systemic threshold. This suggests concentrated, urgent remediation targets rather than broad, systemic compromise.",high
data/scans/aged-stale/rust-1.77-alpine.json,rust:1.77-alpine,aged-stale,WARN,WARN,29.0,19.0,1.0,8.0,8.0,7.8,15.0,11.0,"One critical CVE and 8 high CVEs are present. The density of Top 25 CWEs is 0.379 (11/29), indicating a significant number of weaponized weaknesses across the image's small dependency tree. While elevated, this profile suggests a concentrated remediation effort rather than systemic compromise, fitting within a sprint-cycle fix.",high
data/scans/aged-stale/rust-1.78-alpine.json,rust:1.78-alpine,aged-stale,WARN,BLOCK,28.0,33.0,2.0,25.0,11.0,9.8,17.0,19.0,"With 2 critical and 25 high CVEs, and a top25_cwe_count of 19 across only 28 dependencies, the density ratio is ~0.68. This indicates a systemic compromise where a significant portion of components carry known weaponized weaknesses, requiring immediate remediation.",high
data/scans/aged-stale/rust-1.77-slim-bookworm.json,rust:1.77-slim-bookworm,aged-stale,WARN,BLOCK,132.0,4024.0,31.0,3093.0,1058.0,10.0,104.0,1414.0,"31 critical CVEs and over 3000 high CVEs, combined with a top25_cwe_count of 1414 across 132 components, result in a density ratio of over 10.0. This indicates pervasive, systemic compromise with multiple independent, weaponized weaknesses per component, requiring immediate blocking and emergency remediation.",high
data/scans/aged-stale/rust-1.78-slim-bookworm.json,rust:1.78-slim-bookworm,aged-stale,WARN,BLOCK,132.0,3921.0,30.0,3022.0,1034.0,10.0,103.0,1383.0,"30 critical CVEs and over 3000 high CVEs, combined with a top25_cwe_count (1383) that is more than 10 times the total_dependency_count (132), indicate systemic and pervasive compromise. This image has multiple independent, weaponized exploitable entry points spread across its attack surface, requiring immediate blocking.",high
data/scans/aged-stale/ruby-3.1-alpine.json,ruby:3.1-alpine,aged-stale,WARN,WARN,108.0,28.0,1.0,20.0,6.0,9.8,17.0,13.0,"One critical CVE (max_cvss 9.8) and 20 high CVEs indicate significant actionable risk. However, across 108 components, the top25_cwe_count of 13 results in a density ratio of ~0.12, well below the systemic threshold. This suggests concentrated, urgent remediation targets rather than widespread compromise, fitting a sprint-cycle fix.",high
data/scans/aged-stale/ruby-3.2-slim.json,ruby:3.2-slim,aged-stale,WARN,WARN,172.0,49.0,3.0,16.0,8.0,10.0,34.0,15.0,"3 critical CVEs and 16 high CVEs, with a max_cvss of 10.0, indicate actionable risk. However, across 172 components, the top25_cwe_count (15) results in a density ratio of ~0.087, well below the systemic threshold. This suggests isolated, prioritized remediation targets rather than widespread compromise.",high
data/scans/aged-stale/ruby-3.1-slim.json,ruby:3.1-slim,aged-stale,WARN,WARN,181.0,101.0,6.0,45.0,25.0,10.0,60.0,34.0,"6 critical CVEs and 45 high CVEs, including a max_cvss of 10.0, indicate significant actionable risk. However, the density of Top 25 CWEs (34 across 181 components, a ratio of ~0.19) is well below the systemic compromise threshold. This suggests concentrated, urgent remediation targets rather than broad, immediately exploitable systemic weakness.",high
data/scans/aged-stale/php-8.1-fpm-alpine.json,php:8.1-fpm-alpine,aged-stale,WARN,WARN,41.0,21.0,1.0,17.0,5.0,9.8,12.0,10.0,"One critical CVE with max_cvss 9.8 and 17 high CVEs indicate actionable risk. However, the density of Top 25 CWEs (10 across 41 components, ratio 0.24) is below the systemic threshold, suggesting concentrated risk rather than broad compromise. This is an urgent but isolated remediation target, fitting a sprint-cycle fix.",high
data/scans/aged-stale/php-8.1-cli-alpine.json,php:8.1-cli-alpine,aged-stale,WARN,WARN,41.0,21.0,1.0,17.0,5.0,9.8,12.0,10.0,"One critical CVE with max_cvss 9.8 and 17 high CVEs indicate actionable risk. However, across 41 components, the top25_cwe_count (10) results in a density ratio of 0.24, suggesting concentrated issues rather than systemic compromise. This is an urgent, but isolated remediation target, fitting within a normal sprint cycle.",high
data/scans/aged-stale/ubuntu-mantic.json,ubuntu:mantic,aged-stale,WARN,ALLOW,90.0,0.0,0.0,0.0,0.0,0.0,0.0,0.0,"No vulnerabilities of any severity (critical, high, or otherwise) were detected across 90 components. All vulnerability and weakness counts are zero, indicating a perfectly clean and secure image.",high
data/scans/aged-stale/nginx-1.25-alpine.json,nginx:1.25-alpine,aged-stale,WARN,BLOCK,67.0,51.0,4.0,27.0,21.0,9.8,32.0,23.0,"4 critical CVEs and 27 high CVEs, with max_cvss 9.8, indicate severe risk. The top25_cwe_count (23) across 67 components results in a density of 0.343, which is above the 0.3 threshold for concentrated risk. This pattern suggests widespread, independently exploitable weaknesses across the image, requiring immediate blocking.",high
data/scans/aged-stale/nginx-1.26-alpine.json,nginx:1.26-alpine,aged-stale,WARN,WARN,68.0,47.0,1.0,33.0,16.0,9.8,22.0,29.0,"One critical CVE (max_cvss 9.8) and 33 high CVEs indicate actionable risk. The top25_cwe_count of 29 across 68 components yields a density of ~0.43, suggesting a spread of known weaknesses but not systemic compromise. This is an urgent, prioritized remediation task for a sprint, not an emergency BLOCK.",high
data/scans/aged-stale/nginx-1.25-bookworm.json,nginx:1.25-bookworm,aged-stale,WARN,BLOCK,150.0,257.0,19.0,123.0,86.0,10.0,85.0,109.0,"19 critical CVEs with max_cvss 10.0 are present. The density of 109 Top 25 CWE matches across 150 components (0.72 ratio) indicates systemic compromise, with multiple independent, weaponized weaknesses spread broadly across the image's attack surface.",high
data/scans/aged-stale/nginx-1.26-bookworm.json,nginx:1.26-bookworm,aged-stale,WARN,BLOCK,150.0,212.0,14.0,97.0,68.0,10.0,72.0,87.0,"14 critical CVEs and 97 high CVEs are present. The top25_cwe_count of 87 across 150 dependencies results in a density of 0.58, indicating that over half of the components carry a known weaponized weakness. This, combined with 72 unique CWE types, points to systemic, widespread compromise with multiple independent exploitable entry points.",high
data/scans/aged-stale/postgres-17.0-alpine3.20.json,postgres:17.0-alpine3.20,aged-stale,WARN,BLOCK,51.0,124.0,8.0,103.0,67.0,10.0,42.0,45.0,"8 critical CVEs and 103 high CVEs, combined with 45 Top 25 CWE matches across only 51 dependencies, result in a density ratio of 0.88. This indicates nearly every component carries a known weaponized weakness, representing systemic compromise with multiple independent exploitable entry points.",high
data/scans/aged-stale/prom-prometheus-v2.51.0.json,prom/prometheus:v2.51.0,aged-stale,WARN,WARN,338.0,62.0,6.0,45.0,32.0,10.0,23.0,10.0,"6 critical CVEs and 45 high CVEs, with max_cvss 10.0, indicate significant actionable risk. However, across 338 dependencies, the top25_cwe_count (10) results in a density ratio of only 0.029, well below the systemic compromise threshold. This suggests concentrated, urgent remediation targets rather than broad, immediately exploitable compromise.",high
data/scans/aged-stale/prom-prometheus-v2.52.0.json,prom/prometheus:v2.52.0,aged-stale,WARN,WARN,344.0,59.0,6.0,42.0,28.0,10.0,22.0,10.0,"6 critical CVEs and 42 high CVEs indicate significant actionable risk. However, across 344 components, the top25_cwe_count of 10 results in a density ratio of ~0.029, well below the systemic threshold. This suggests concentrated vulnerabilities requiring urgent remediation within a sprint, not a systemic compromise demanding an emergency BLOCK.",high
data/scans/aged-stale/grafana-grafana-10.4.0.json,grafana/grafana:10.4.0,aged-stale,WARN,WARN,431.0,107.0,8.0,61.0,42.0,10.0,40.0,25.0,"8 critical CVEs and 61 high CVEs are serious, but across 431 components, the top25_cwe_count (25) results in a density ratio of only 0.058, well below the systemic threshold. This indicates concentrated, actionable risk in a subset of packages, not broad compromise; remediation is urgent but fits within normal engineering cycles.",high
data/scans/aged-stale/grafana-grafana-10.3.0.json,grafana/grafana:10.3.0,aged-stale,WARN,WARN,414.0,105.0,8.0,65.0,43.0,10.0,37.0,25.0,"8 critical CVEs and 65 high CVEs, including a max_cvss of 10.0, indicate significant actionable risk. However, across 414 dependencies, the top25_cwe_count (25) results in a density ratio of only 0.06, well below the systemic compromise threshold. This suggests concentrated, urgent remediation targets rather than broad, immediately exploitable compromise.",high
data/scans/aged-stale/grafana-loki-2.9.4.json,grafana/loki:2.9.4,aged-stale,WARN,WARN,248.0,80.0,6.0,51.0,35.0,10.0,25.0,23.0,"6 critical CVEs and 51 high CVEs, with max_cvss 10.0, indicate significant actionable risk. However, the density of Top 25 CWEs (23 across 248 components) is very low at ~0.09, well below the systemic threshold. This suggests concentrated, isolated vulnerabilities requiring urgent remediation within a sprint, not an emergency BLOCK.",high
data/scans/aged-stale/grafana-tempo-2.4.0.json,grafana/tempo:2.4.0,aged-stale,WARN,WARN,301.0,86.0,6.0,55.0,38.0,10.0,30.0,22.0,"6 critical CVEs and 55 high CVEs with max_cvss 10.0 indicate significant actionable risk. However, across 301 dependencies, the top25_cwe_count (22) yields a density ratio of ~0.07, well below the systemic threshold. This suggests concentrated, isolated remediation targets, making it an urgent but structured engineering task rather than an emergency.",high
data/scans/aged-stale/elasticsearch-8.13.0.json,elasticsearch:8.13.0,aged-stale,WARN,WARN,601.0,71.0,5.0,36.0,25.0,10.0,37.0,25.0,"5 critical CVEs and 36 high CVEs, with max_cvss 10.0, indicate significant risk. However, across 601 dependencies, the top25_cwe_count (25) yields a density of only 0.04 per component, far below the systemic threshold. This suggests concentrated, isolated issues rather than broad compromise, making it an urgent but manageable remediation task.",high
data/scans/aged-stale/kibana-8.13.0.json,kibana:8.13.0,aged-stale,WARN,WARN,1555.0,119.0,15.0,76.0,62.0,10.0,64.0,44.0,"15 critical CVEs and 76 high CVEs, with max_cvss 10.0, indicate significant actionable risk. However, across 1555 dependencies, the density of Top 25 CWEs is very low (44/1555 ≈ 0.028), well below the systemic threshold. This suggests concentrated, not widespread, compromise, making it an urgent but manageable remediation task.",high
data/scans/aged-stale/gitlab-gitlab-ce-16.11.1-ce.0.json,gitlab/gitlab-ce:16.11.1-ce.0,aged-stale,WARN,WARN,3141.0,330.0,35.0,192.0,143.0,10.0,114.0,109.0,"35 critical CVEs and 109 Top 25 CWE matches represent a significant remediation backlog. However, across 3141 total dependencies, the density ratio (109/3141 ≈ 0.035) is very low, indicating risk is concentrated in a subset of packages rather than systemic compromise. This is an urgent, but structured engineering task, not an emergency.",high
data/scans/aged-stale/sonatype-nexus3-3.67.1.json,sonatype/nexus3:3.67.1,aged-stale,WARN,WARN,640.0,382.0,23.0,194.0,131.0,10.0,108.0,175.0,"23 critical CVEs and 194 high CVEs are a substantial remediation backlog. However, across 640 components, the top25_cwe_count (175) yields a density of 0.27 matches per component, which is below the systemic threshold. This indicates risk concentrated in a subset of packages, making it an urgent but structured engineering task, not an emergency.",high
data/scans/aged-stale/sonarqube-10.5-community.json,sonarqube:10.5-community,aged-stale,WARN,WARN,746.0,160.0,10.0,83.0,57.0,10.0,72.0,61.0,"10 critical CVEs and 83 high-severity findings are a significant backlog. However, across 746 components, the top25_cwe_count (61) results in a density of 0.08, well below the systemic threshold. This indicates concentrated risk in specific packages, not broad compromise, making it an urgent but structured remediation task.",high
data/scans/aged-stale/gitea-gitea-1.21.11.json,gitea/gitea:1.21.11,aged-stale,WARN,WARN,340.0,127.0,14.0,77.0,58.0,10.0,65.0,40.0,"14 critical CVEs and 77 high CVEs across 340 components indicate significant risk. However, the top25_cwe_count (40) results in a density ratio of 0.12, well below the systemic compromise threshold. This suggests concentrated, actionable vulnerabilities rather than broad, immediately exploitable compromise, warranting a WARN label for scheduled remediation.",high
data/scans/aged-stale/ubuntu-squid-6.1-23.10_beta.json,ubuntu/squid:6.1-23.10_beta,aged-stale,WARN,ALLOW,122.0,0.0,0.0,0.0,0.0,0.0,0.0,0.0,"No vulnerabilities of any severity (critical_cve_count: 0, high_cve_count: 0, vuln_total: 0) were detected across 122 components. The image has a pristine security profile and is deployment-ready.",high
data/scans/aged-stale/keycloak-keycloak-24.0.json,keycloak/keycloak:24.0,aged-stale,WARN,WARN,468.0,135.0,2.0,60.0,44.0,9.8,71.0,48.0,"Two critical CVEs and 60 high CVEs are present, indicating actionable risk. However, across 468 components, the top25_cwe_count (48) results in a density ratio of ~0.10, well below the systemic threshold. This suggests isolated, prioritized remediation targets rather than broad, systemic compromise.",high
data/scans/aged-stale/keycloak-keycloak-23.0.json,keycloak/keycloak:23.0,aged-stale,WARN,WARN,480.0,182.0,4.0,87.0,61.0,10.0,85.0,69.0,"4 critical CVEs and 87 high CVEs, with a max_cvss of 10.0, indicate significant actionable risk. However, across 480 components, the top25_cwe_count (69) results in a density ratio of 0.14, well below the systemic compromise threshold. This suggests concentrated, urgent remediation targets rather than broad, immediately exploitable systemic compromise.",high
data/scans/aged-stale/minio-minio-RELEASE.2024-04-06T05-26-02Z.json,minio/minio:RELEASE.2024-04-06T05-26-02Z,aged-stale,WARN,WARN,358.0,85.0,6.0,59.0,36.0,10.0,35.0,22.0,"6 critical CVEs and max_cvss 10.0 indicate significant risk. However, across 358 dependencies, the top25_cwe_count of 22 results in a density of only 0.06, well below the systemic compromise threshold. This suggests concentrated, actionable vulnerabilities rather than widespread, independently exploitable paths, making it a prioritized remediation task.",high
data/scans/aged-stale/mariadb-11.5.json,mariadb:11.5,aged-stale,WARN,BLOCK,152.0,169.0,14.0,133.0,88.0,10.0,64.0,62.0,"14 critical CVEs and 133 high CVEs, with max_cvss 10.0, indicate severe risk. The 62 Top 25 CWE matches across 152 components result in a density ratio of 0.41, which is significantly above the 0.3 threshold for concentrated risk. This pattern suggests multiple independent, exploitable entry points spread across the attack surface, requiring immediate remediation.",high
data/scans/aged-stale/mariadb-11.6.json,mariadb:11.6,aged-stale,WARN,WARN,153.0,163.0,13.0,127.0,84.0,10.0,63.0,59.0,"13 critical CVEs and 127 high CVEs, with max_cvss 10.0, indicate a substantial remediation backlog. The top25_cwe_count (59) across 153 components results in a density ratio of 0.385, which is elevated but below the systemic compromise threshold of 1.0. This represents a broad accumulation of actionable risk requiring urgent, but not emergency, remediation.",high
data/scans/known-vuln/vulhub-php-5.4.1-cgi.json,vulhub/php:5.4.1-cgi,known-vuln,BLOCK,BLOCK,183.0,549.0,46.0,387.0,281.0,10.0,75.0,299.0,"46 critical CVEs and 387 high CVEs, with max_cvss 10.0, indicate severe and widespread compromise. The density ratio of top25_cwe_count (299) to total_dependency_count (183) is 1.63, far exceeding the 1.0 threshold for systemic risk. This image has multiple independent, trivially exploitable entry points across its attack surface.",high
data/scans/known-vuln/vulhub-tomcat-7.0.79.json,vulhub/tomcat:7.0.79,known-vuln,BLOCK,BLOCK,247.0,399.0,107.0,269.0,203.0,10.0,62.0,145.0,"107 critical CVEs and 269 high CVEs, with 203 vulnerabilities scoring CVSS >= 7.0, indicate severe and widespread compromise. The top25_cwe_count (145) is over half the total dependencies (247), showing a high density of weaponized weaknesses across the image, not isolated findings.",high
data/scans/known-vuln/vulhub-tomcat-8.5.19.json,vulhub/tomcat:8.5.19,known-vuln,BLOCK,BLOCK,189.0,498.0,104.0,345.0,249.0,10.0,88.0,166.0,"104 critical CVEs and a max_cvss of 10.0, combined with a top25_cwe_count of 166 across 189 components (a density ratio of 0.88), indicate systemic compromise. This image has multiple independent, trivially exploitable entry points spread broadly across its attack surface, requiring immediate blocking.",high
data/scans/known-vuln/vulhub-redis-4.0.14.json,vulhub/redis:4.0.14,known-vuln,BLOCK,WARN,77.0,53.0,5.0,27.0,27.0,9.8,28.0,25.0,"5 critical CVEs and 27 high CVEs, with a max_cvss of 9.8, indicate significant risk. The 25 Top 25 CWE matches across 77 dependencies result in a density ratio of 0.32, which is elevated but below the systemic compromise threshold of 1.0. This represents an urgent, prioritized remediation task for engineering, not an emergency BLOCK.",high
data/scans/known-vuln/vulhub-mysql-5.5.23.json,vulhub/mysql:5.5.23,known-vuln,BLOCK,WARN,97.0,62.0,16.0,47.0,47.0,9.8,32.0,35.0,"16 critical CVEs and 47 high CVEs, with max_cvss 9.8, indicate a severe and urgent remediation backlog. However, the density of Top 25 CWEs (35 across 97 components, ratio ~0.36) is elevated but below the systemic compromise threshold of 1.0. This represents a critical, actionable engineering task, not an emergency BLOCK.",high
data/scans/known-vuln/vulhub-elasticsearch-1.1.1.json,vulhub/elasticsearch:1.1.1,known-vuln,BLOCK,BLOCK,280.0,496.0,70.0,311.0,249.0,10.0,83.0,205.0,"70 critical CVEs and 311 high CVEs, with max_cvss 10.0, indicate severe risk. The image has 205 Top 25 CWE matches and 83 unique CWE types across 280 components, with a density ratio of 0.73. This signifies systemic compromise with multiple independent, well-known exploitable entry points spread broadly across the attack surface, requiring immediate emergency remediation.",high
data/scans/known-vuln/vulhub-solr-8.1.1.json,vulhub/solr:8.1.1,known-vuln,BLOCK,BLOCK,431.0,544.0,69.0,319.0,271.0,10.0,147.0,229.0,"69 critical CVEs and 319 high CVEs, with max_cvss 10.0, indicate severe risk. The density of 229 Top 25 CWE matches across 431 components (ratio ~0.53) and 147 unique CWE types demonstrates systemic compromise with multiple independent, exploitable entry points, requiring immediate blocking.",high
data/scans/known-vuln/vulhub-activemq-5.11.1.json,vulhub/activemq:5.11.1,known-vuln,BLOCK,BLOCK,287.0,415.0,86.0,294.0,289.0,10.0,95.0,241.0,"With 86 critical CVEs and 241 Top 25 CWE matches across 287 components, the density ratio of 0.84 signifies systemic compromise. This image presents multiple independent, immediately exploitable entry points, requiring emergency remediation.",high
data/scans/known-vuln/vulhub-jenkins-2.46.1.json,vulhub/jenkins:2.46.1,known-vuln,BLOCK,BLOCK,451.0,653.0,78.0,376.0,310.0,10.0,103.0,308.0,"78 critical CVEs and 308 Top 25 CWE matches across 451 components, resulting in a density ratio of 0.68. This indicates widespread, systemic compromise with multiple independent, weaponized weaknesses present across the attack surface, requiring immediate emergency remediation.",high
data/scans/known-vuln/vulhub-nexus-3.14.0.json,vulhub/nexus:3.14.0,known-vuln,BLOCK,BLOCK,520.0,1284.0,144.0,763.0,701.0,10.0,161.0,681.0,"144 critical CVEs and 763 high CVEs, combined with a max_cvss of 10.0, indicate severe risk. The density ratio of top25_cwe_count (681) to total_dependency_count (520) is 1.31, exceeding the systemic compromise threshold. This image has multiple independent, weaponized weaknesses spread broadly across its attack surface, requiring immediate blocking.",high
data/scans/known-vuln/vulhub-thinkphp-5.0.20.json,vulhub/thinkphp:5.0.20,known-vuln,BLOCK,BLOCK,177.0,1430.0,52.0,1079.0,596.0,10.0,145.0,699.0,"With 52 critical CVEs and 1079 high CVEs, this image presents extreme risk. The top25_cwe_count (699) significantly exceeds the total_dependency_count (177), resulting in a density ratio of 3.95. This indicates systemic compromise with multiple weaponized weaknesses per component, requiring immediate blocking and emergency remediation.",high
data/scans/known-vuln/vulhub-ghostscript-9.21.json,vulhub/ghostscript:9.21,known-vuln,BLOCK,WARN,84.0,58.0,6.0,27.0,26.0,9.8,29.0,27.0,"6 critical CVEs and 27 high CVEs, with max_cvss 9.8, indicate significant risk. The 27 Top 25 CWE matches across 84 components result in a density ratio of 0.32, suggesting a broad spread of actionable weaknesses. While serious, this is not systemic compromise (density below 1.0); it requires urgent, scheduled remediation.",high
data/scans/known-vuln/vulhub-drupal-8.5.0.json,vulhub/drupal:8.5.0,known-vuln,BLOCK,BLOCK,176.0,1014.0,79.0,790.0,536.0,10.0,108.0,548.0,"79 critical CVEs and 790 high CVEs, with a max_cvss of 10.0, indicate severe risk. The density of 548 Top 25 CWE matches across 176 components (ratio > 3.0) signifies systemic compromise, with multiple weaponized weaknesses per dependency. This image has widespread, immediately exploitable vulnerabilities.",high
data/scans/known-vuln/vulhub-joomla-3.4.5.json,vulhub/joomla:3.4.5,known-vuln,BLOCK,BLOCK,200.0,1151.0,121.0,868.0,635.0,10.0,103.0,565.0,"121 critical CVEs and 868 high CVEs, with a max_cvss of 10.0, indicate severe risk. The top25_cwe_count (565) divided by total_dependency_count (200) yields a density ratio of 2.825, far exceeding 1.0. This signifies systemic compromise with multiple independent, weaponized weaknesses per component, requiring immediate blocking.",high
data/scans/known-vuln/vulnerables-web-dvwa-latest.json,vulnerables/web-dvwa:latest,known-vuln,BLOCK,BLOCK,216.0,439.0,78.0,287.0,260.0,10.0,89.0,207.0,"78 critical CVEs and 207 Top 25 CWE matches across 216 components, resulting in a density ratio of 0.96. This indicates systemic compromise with nearly every component carrying a known weaponized weakness, presenting multiple independent and immediately exploitable entry points.",high
data/scans/known-vuln/vulnerables-web-dvwa-1.9.json,vulnerables/web-dvwa:1.9,known-vuln,BLOCK,BLOCK,221.0,492.0,81.0,290.0,284.0,10.0,73.0,227.0,"81 critical CVEs and 227 Top 25 CWE matches across 221 components result in a density ratio exceeding 1.0, indicating more than one weaponized weakness per component. This is systemic compromise with multiple independent, trivially exploitable entry points across the attack surface, requiring immediate blocking.",high
data/scans/known-vuln/vulnerables-cve-2014-0160-latest.json,vulnerables/cve-2014-0160:latest,known-vuln,BLOCK,BLOCK,119.0,170.0,31.0,112.0,87.0,10.0,42.0,52.0,"31 critical CVEs and 112 high CVEs, with a max_cvss of 10.0, indicate severe and widespread compromise. The top25_cwe_count of 52 across 119 dependencies (density ~0.44) shows that weaponized weaknesses are broadly distributed, not isolated. This image has multiple independent, exploitable entry points and must not be deployed.",high
data/scans/known-vuln/vulnerables-cve-2014-6271-latest.json,vulnerables/cve-2014-6271:latest,known-vuln,BLOCK,BLOCK,119.0,104.0,25.0,71.0,66.0,10.0,33.0,39.0,"25 critical CVEs and 71 high CVEs, with max_cvss 10.0, indicate severe and widespread risk. The 39 Top 25 CWE matches across 119 components result in a density ratio of 0.327, exceeding the 0.3 threshold and suggesting multiple independent, weaponized weaknesses spread across the attack surface. This is systemic compromise requiring immediate intervention.",high
data/scans/known-vuln/vulnerables-cve-2017-7494-latest.json,vulnerables/cve-2017-7494:latest,known-vuln,BLOCK,BLOCK,324.0,730.0,69.0,550.0,407.0,10.0,84.0,404.0,"69 critical CVEs and 550 high CVEs, with a max_cvss of 10.0, indicate severe risk. The top25_cwe_count (404) exceeds the total_dependency_count (324), resulting in a density ratio of 1.25. This signifies systemic compromise with multiple independent, weaponized weaknesses per component, requiring immediate blocking.",high
data/scans/known-vuln/bkimminich-juice-shop-latest.json,bkimminich/juice-shop:latest,known-vuln,BLOCK,WARN,1122.0,76.0,10.0,49.0,44.0,10.0,47.0,24.0,"10 critical and 49 high CVEs indicate significant actionable risk. However, across 1122 dependencies, the top25_cwe_count (24) results in a density of only 0.021, far below the systemic threshold. This suggests concentrated, isolated vulnerabilities requiring urgent remediation, not a widespread compromise.",high
data/scans/known-vuln/bkimminich-juice-shop-v14.0.0.json,bkimminich/juice-shop:v14.0.0,known-vuln,BLOCK,WARN,2280.0,154.0,29.0,105.0,99.0,10.0,65.0,49.0,"29 critical CVEs and 105 high CVEs represent a substantial remediation backlog. However, across 2280 dependencies, the density of Top 25 CWEs (49) is extremely low (approx. 0.02 per component), indicating concentrated risk rather than systemic compromise. This is an urgent, but manageable, engineering task.",high
data/scans/known-vuln/bkimminich-juice-shop-v12.0.0.json,bkimminich/juice-shop:v12.0.0,known-vuln,BLOCK,WARN,1509.0,184.0,37.0,134.0,125.0,10.0,63.0,69.0,"37 critical and 134 high CVEs represent a significant remediation backlog. However, across 1509 dependencies, the top25_cwe_count (69) results in a density ratio of 0.046, well below the systemic compromise threshold. This indicates concentrated risk in a subset of packages, making it an urgent but manageable engineering task, not an emergency.",high
data/scans/known-vuln/bkimminich-juice-shop-v11.0.0.json,bkimminich/juice-shop:v11.0.0,known-vuln,BLOCK,WARN,1408.0,171.0,25.0,122.0,112.0,10.0,63.0,67.0,"Despite 25 critical and 122 high CVEs, the image has 1408 dependencies. The density of Top 25 CWEs (67) is very low at 0.0475 per component, indicating isolated vulnerabilities rather than systemic compromise. This represents a significant remediation backlog but is an urgent, structured engineering task, not an emergency BLOCK.",high
data/scans/known-vuln/bkimminich-juice-shop-v10.0.0.json,bkimminich/juice-shop:v10.0.0,known-vuln,BLOCK,WARN,1430.0,177.0,26.0,126.0,115.0,10.0,63.0,69.0,"26 critical and 126 high CVEs, with max_cvss 10.0, indicate significant actionable risk. However, across 1430 components, the top25_cwe_count (69) results in a density ratio of ~0.048, well below the systemic threshold. This suggests a substantial remediation backlog concentrated in a subset of packages, making it an urgent but manageable engineering task rather than an emergency.",high
data/scans/known-vuln/bkimminich-juice-shop-v9.0.0.json,bkimminich/juice-shop:v9.0.0,known-vuln,BLOCK,WARN,1334.0,174.0,25.0,114.0,102.0,10.0,63.0,56.0,"25 critical and 114 high CVEs with max_cvss 10.0 indicate significant risk. However, across 1334 dependencies, the top25_cwe_count (56) results in a density ratio of 0.04, far below the systemic threshold. This suggests concentrated, not widespread, compromise, making it an urgent but manageable remediation task.",high
data/scans/known-vuln/bkimminich-juice-shop-v8.0.0.json,bkimminich/juice-shop:v8.0.0,known-vuln,BLOCK,WARN,1082.0,169.0,28.0,116.0,107.0,10.0,61.0,56.0,"28 critical CVEs and 116 high CVEs are significant, but across 1082 dependencies, the top25_cwe_count (56) results in a density of only 0.05 per component. This is well below the systemic compromise threshold, indicating concentrated risk in a subset of packages rather than broad, independent exploitable paths. Remediation is urgent but fits within normal engineering cycles.",high
data/scans/known-vuln/citizenstig-dvwa-latest.json,citizenstig/dvwa:latest,known-vuln,BLOCK,BLOCK,286.0,447.0,80.0,307.0,262.0,10.0,79.0,163.0,"80 critical CVEs and 307 high CVEs, with a max_cvss of 10.0, indicate severe risk. The density ratio of top25_cwe_count (163) to total_dependency_count (286) is ~0.57, meaning over half of the components, on average, carry a known weaponized weakness. This represents systemic compromise with multiple independent, exploitable entry points.",high
data/scans/known-vuln/tleemcjr-metasploitable2-latest.json,tleemcjr/metasploitable2:latest,known-vuln,BLOCK,ALLOW,604.0,0.0,0.0,0.0,0.0,0.0,0.0,0.0,"Despite a large total_dependency_count of 604, all vulnerability metrics (vuln_total, critical_cve_count, high_cve_count, cvss_ge_7_count, max_cvss, unique_cwe_count, top25_cwe_count) are zero. This indicates a completely clean scan with no detected vulnerabilities, making it safe for deployment.",high
data/scans/known-vuln/webgoat-webgoat-8.0-latest.json,webgoat/webgoat-8.0:latest,known-vuln,BLOCK,BLOCK,302.0,326.0,56.0,211.0,206.0,10.0,78.0,168.0,"56 critical CVEs and 211 high CVEs, with 168 Top 25 CWE matches across 302 components, indicate widespread and systemic compromise. The density ratio of Top 25 CWEs (0.556) combined with the high absolute counts points to multiple independent, exploitable entry points, requiring immediate emergency remediation.",high
data/scans/known-vuln/webgoat-webgoat-7.1-latest.json,webgoat/webgoat-7.1:latest,known-vuln,BLOCK,BLOCK,324.0,412.0,95.0,275.0,273.0,10.0,86.0,226.0,"95 critical CVEs and 275 high CVEs, combined with 226 Top 25 CWE matches across 324 components, indicate systemic compromise. The density ratio of ~0.7 (Top 25 CWEs per dependency) and 86 unique CWE types show broad, independent exploitable paths, requiring immediate blocking.",high
data/scans/known-vuln/infoslack-dvwa-latest.json,infoslack/dvwa:latest,known-vuln,BLOCK,BLOCK,285.0,576.0,112.0,402.0,359.0,10.0,81.0,238.0,"112 critical CVEs and 238 Top 25 CWE matches across 285 components, yielding a density ratio of 0.835. This indicates systemic compromise with nearly one weaponized weakness per component, representing multiple independent, trivially exploitable entry points across the attack surface.",high
data/scans/known-vuln/vulhub-shiro-1.2.4.json,vulhub/shiro:1.2.4,known-vuln,BLOCK,BLOCK,218.0,398.0,86.0,264.0,254.0,10.0,89.0,188.0,"86 critical CVEs and 264 high CVEs, with 254 vulnerabilities having CVSS >= 7.0, indicate severe and widespread risk. The top25_cwe_count (188) is nearly equal to the total_dependency_count (218), resulting in a density ratio of 0.86. This signifies systemic compromise with multiple independent, weaponized weaknesses across the attack surface, requiring immediate blocking.",high
data/scans/known-vuln/vulhub-openssh-7.7.json,vulhub/openssh:7.7,known-vuln,BLOCK,BLOCK,85.0,105.0,15.0,58.0,54.0,9.8,38.0,47.0,"15 critical CVEs and 58 high CVEs, with max_cvss 9.8, indicate severe risk. The density of 47 Top 25 CWE matches across 85 components (ratio 0.55) is well above the systemic threshold, suggesting widespread, independently exploitable weaknesses across the image's attack surface.",high
data/scans/known-vuln/vulhub-couchdb-1.6.0.json,vulhub/couchdb:1.6.0,known-vuln,BLOCK,BLOCK,161.0,147.0,30.0,83.0,83.0,10.0,44.0,62.0,"30 critical CVEs and 83 high-severity CVEs, with max_cvss 10.0, indicate severe and widespread compromise. The 62 Top 25 CWE matches across 161 components (a density of 0.385) show a broad attack surface with many known weaponized weaknesses, requiring immediate emergency remediation.",high
data/scans/known-vuln/vulhub-couchdb-2.1.0.json,vulhub/couchdb:2.1.0,known-vuln,BLOCK,BLOCK,235.0,279.0,47.0,163.0,163.0,10.0,58.0,131.0,"47 critical CVEs and 131 Top 25 CWE matches across 235 components, resulting in a density of 0.56 Top 25 CWEs per component. This indicates a systemic compromise with multiple independent, well-known exploitable entry points spread broadly across the attack surface, requiring immediate intervention.",high
data/scans/known-vuln/vulhub-activemq-5.13.2.json,vulhub/activemq:5.13.2,known-vuln,BLOCK,BLOCK,438.0,594.0,89.0,401.0,345.0,10.0,101.0,292.0,"89 critical CVEs and 401 high CVEs, with a max_cvss of 10.0, indicate severe risk. The density of Top 25 CWEs (292 across 438 components, a ratio of 0.67) and 101 unique CWE types demonstrate widespread, systemic compromise with multiple independent exploitable paths. This image must not be deployed.",high
data/scans/known-vuln/vulhub-solr-7.0.1.json,vulhub/solr:7.0.1,known-vuln,BLOCK,BLOCK,376.0,589.0,74.0,352.0,291.0,10.0,153.0,240.0,"74 critical CVEs and 352 high CVEs, with 240 Top 25 CWE matches across 376 components, indicate systemic compromise. The density ratio of 0.638 for Top 25 CWEs, combined with 153 unique CWE types, shows multiple independent, weaponized exploitable entry points spread broadly across the image.",high
data/scans/known-vuln/vulhub-wordpress-4.6.json,vulhub/wordpress:4.6,known-vuln,BLOCK,BLOCK,255.0,262.0,54.0,185.0,181.0,10.0,61.0,135.0,"54 critical CVEs and 185 high CVEs, with 135 Top 25 CWE matches across 255 components, indicate systemic compromise. The density of Top 25 CWEs (0.53 per component) and 61 unique CWE types show broad, independent exploitable paths, not isolated findings. This image requires emergency remediation.",high
data/scans/known-vuln/vulhub-drupal-7.57.json,vulhub/drupal:7.57,known-vuln,BLOCK,BLOCK,189.0,643.0,57.0,473.0,343.0,10.0,80.0,355.0,"57 critical CVEs and 355 Top 25 CWE matches across 189 components, yielding a density ratio of ~1.87. This indicates systemic compromise with multiple independent, weaponized weaknesses per component, requiring immediate emergency remediation.",high
data/scans/known-vuln/vulhub-joomla-3.7.0.json,vulhub/joomla:3.7.0,known-vuln,BLOCK,BLOCK,211.0,1571.0,63.0,1188.0,655.0,10.0,145.0,779.0,"63 critical CVEs and 1188 high CVEs, combined with 779 Top 25 CWE matches across 211 dependencies, result in a density ratio of 3.69. This indicates multiple known weaponized weaknesses per component on average, signifying systemic and broad compromise with numerous independent exploitable entry points.",high
data/scans/known-vuln/vulhub-phpmyadmin-4.8.1.json,vulhub/phpmyadmin:4.8.1,known-vuln,BLOCK,BLOCK,174.0,976.0,74.0,763.0,515.0,10.0,105.0,524.0,"The density ratio of top25_cwe_count (524) to total_dependency_count (174) is 3.01, far exceeding the systemic compromise threshold. With 74 critical CVEs and 105 unique CWE types, this image presents pervasive, independently exploitable weaknesses across its attack surface.",high
data/scans/known-vuln/vulhub-solr-8.11.0.json,vulhub/solr:8.11.0,known-vuln,BLOCK,BLOCK,511.0,441.0,101.0,290.0,286.0,10.0,93.0,222.0,"101 critical CVEs and 290 high CVEs, with 222 Top 25 CWE matches across 511 components, indicate systemic compromise. The density ratio of 0.43 (222/511) combined with the extremely high absolute counts of critical and weaponized weaknesses points to multiple independent, exploitable entry points across the attack surface, requiring immediate intervention.",high
data/scans/known-vuln/vulhub-shiro-1.5.1.json,vulhub/shiro:1.5.1,known-vuln,BLOCK,BLOCK,208.0,307.0,56.0,204.0,183.0,10.0,100.0,131.0,"56 critical CVEs and 131 Top 25 CWE matches across 208 components, yielding a density of 0.63, indicate systemic compromise. This image has multiple independent, well-known exploitable entry points spread across the attack surface, not isolated findings, requiring immediate emergency remediation.",high
data/scans/known-vuln/owasp-benchmark-latest.json,owasp/benchmark:latest,known-vuln,BLOCK,WARN,1366.0,331.0,35.0,205.0,137.0,10.0,121.0,132.0,"35 critical CVEs and 132 Top 25 CWE matches are a significant remediation backlog. However, across 1366 components, the top25_cwe_count density is only 0.0966, well below the systemic threshold. This indicates a large number of isolated remediation targets rather than pervasive, systemic compromise across the entire image; it requires urgent, structured engineering effort, not an emergency BLOCK.",high
data/scans/known-vuln/raesene-bwapp-latest.json,raesene/bwapp:latest,known-vuln,BLOCK,BLOCK,272.0,519.0,128.0,384.0,339.0,10.0,79.0,200.0,"128 critical CVEs and 384 high CVEs, with max_cvss 10.0, indicate severe compromise. The density of 200 Top 25 CWE matches across 272 components (ratio ~0.735) signifies widespread, weaponized weaknesses. This is systemic compromise with multiple independent exploitable entry points, requiring immediate blocking.",high
